horizon,method,mae,wape,bias,n_obs
1,naive,6.219512195121951,0.29365475413611763,0.004878048780487805,1230
1,moving_average_4,5.260772357723577,0.24838777782042915,-0.059959349593495935,1230
1,seasonal_52,6.464227642276422,0.30520901308970866,-0.5634146341463414,1230
1,model,5.1138211382113825,0.24144946451191893,-0.44878048780487806,1230
2,naive,6.348780487804878,0.29944781041490914,-0.01707317073170732,1230
2,moving_average_4,5.3046747967479675,0.2502013191195644,-0.08191056910569106,1230
2,seasonal_52,6.455284552845528,0.30447120177927756,-0.5739837398373984,1230
2,model,5.252845528455285,0.2477567298105683,-0.7,1230
3,naive,6.7317073170731705,0.31859632921620684,0.055284552845528454,1230
3,moving_average_4,5.3636178861788615,0.25384778175381895,-0.009552845528455284,1230
3,seasonal_52,6.467479674796748,0.3060910385162954,-0.4788617886178862,1230
3,model,5.42520325203252,0.25676247643233674,-0.7894308943089431,1230
4,naive,6.376422764227642,0.30135249366018596,0.025203252032520326,1230
4,moving_average_4,5.3619918699186995,0.25341005148697454,-0.039634146341463415,1230
4,seasonal_52,6.514634146341463,0.30788442326903864,-0.44959349593495934,1230
4,model,5.460162601626016,0.2580496426650273,-0.9024390243902439,1230
ALL,naive,6.41910569105691,0.30325318789368566,0.01707317073170732,4920
ALL,moving_average_4,5.322764227642277,0.2514595175910278,-0.047764227642276426,4920
ALL,seasonal_52,6.475406504065041,0.30591296666154555,-0.5164634146341464,4920
ALL,model,5.313008130081301,0.2509986172991243,-0.7101626016260163,4920
