product_id,category,criticality,forecast_week,week_start,week_end,forecast_qty
MAT001,ABRASIVOS,HIGH,1,2026-09-14,2026-09-20,6
MAT001,ABRASIVOS,HIGH,2,2026-09-21,2026-09-27,4
MAT001,ABRASIVOS,HIGH,3,2026-09-28,2026-10-04,6
MAT001,ABRASIVOS,HIGH,4,2026-10-05,2026-10-11,7
MAT002,ABRASIVOS,HIGH,1,2026-09-14,2026-09-20,11
MAT002,ABRASIVOS,HIGH,2,2026-09-21,2026-09-27,12
MAT002,ABRASIVOS,HIGH,3,2026-09-28,2026-10-04,12
MAT002,ABRASIVOS,HIGH,4,2026-10-05,2026-10-11,12
MAT003,ABRASIVOS,MEDIUM,1,2026-09-14,2026-09-20,3
MAT003,ABRASIVOS,MEDIUM,2,2026-09-21,2026-09-27,4
MAT003,ABRASIVOS,MEDIUM,3,2026-09-28,2026-10-04,3
MAT003,ABRASIVOS,MEDIUM,4,2026-10-05,2026-10-11,3
MAT004,ABRASIVOS,HIGH,1,2026-09-14,2026-09-20,7
MAT004,ABRASIVOS,HIGH,2,2026-09-21,2026-09-27,6
MAT004,ABRASIVOS,HIGH,3,2026-09-28,2026-10-04,5
MAT004,ABRASIVOS,HIGH,4,2026-10-05,2026-10-11,5
MAT005,ABRASIVOS,MEDIUM,1,2026-09-14,2026-09-20,23
MAT005,ABRASIVOS,MEDIUM,2,2026-09-21,2026-09-27,23
MAT005,ABRASIVOS,MEDIUM,3,2026-09-28,2026-10-04,25
MAT005,ABRASIVOS,MEDIUM,4,2026-10-05,2026-10-11,25
MAT006,ABRASIVOS,HIGH,1,2026-09-14,2026-09-20,5
MAT006,ABRASIVOS,HIGH,2,2026-09-21,2026-09-27,6
MAT006,ABRASIVOS,HIGH,3,2026-09-28,2026-10-04,3
MAT006,ABRASIVOS,HIGH,4,2026-10-05,2026-10-11,3
MAT007,SOLDAGEM,HIGH,1,2026-09-14,2026-09-20,2
MAT007,SOLDAGEM,HIGH,2,2026-09-21,2026-09-27,4
MAT007,SOLDAGEM,HIGH,3,2026-09-28,2026-10-04,2
MAT007,SOLDAGEM,HIGH,4,2026-10-05,2026-10-11,2
MAT008,SOLDAGEM,LOW,1,2026-09-14,2026-09-20,5
MAT008,SOLDAGEM,LOW,2,2026-09-21,2026-09-27,6
MAT008,SOLDAGEM,LOW,3,2026-09-28,2026-10-04,7
MAT008,SOLDAGEM,LOW,4,2026-10-05,2026-10-11,8
MAT009,SOLDAGEM,MEDIUM,1,2026-09-14,2026-09-20,30
MAT009,SOLDAGEM,MEDIUM,2,2026-09-21,2026-09-27,35
MAT009,SOLDAGEM,MEDIUM,3,2026-09-28,2026-10-04,31
MAT009,SOLDAGEM,MEDIUM,4,2026-10-05,2026-10-11,31
MAT010,SOLDAGEM,MEDIUM,1,2026-09-14,2026-09-20,31
MAT010,SOLDAGEM,MEDIUM,2,2026-09-21,2026-09-27,29
MAT010,SOLDAGEM,MEDIUM,3,2026-09-28,2026-10-04,30
MAT010,SOLDAGEM,MEDIUM,4,2026-10-05,2026-10-11,30
MAT011,SOLDAGEM,MEDIUM,1,2026-09-14,2026-09-20,58
MAT011,SOLDAGEM,MEDIUM,2,2026-09-21,2026-09-27,61
MAT011,SOLDAGEM,MEDIUM,3,2026-09-28,2026-10-04,60
MAT011,SOLDAGEM,MEDIUM,4,2026-10-05,2026-10-11,60
MAT012,SOLDAGEM,HIGH,1,2026-09-14,2026-09-20,4
MAT012,SOLDAGEM,HIGH,2,2026-09-21,2026-09-27,3
MAT012,SOLDAGEM,HIGH,3,2026-09-28,2026-10-04,3
MAT012,SOLDAGEM,HIGH,4,2026-10-05,2026-10-11,3
MAT013,CORTE E USINAGEM,HIGH,1,2026-09-14,2026-09-20,23
MAT013,CORTE E USINAGEM,HIGH,2,2026-09-21,2026-09-27,23
MAT013,CORTE E USINAGEM,HIGH,3,2026-09-28,2026-10-04,24
MAT013,CORTE E USINAGEM,HIGH,4,2026-10-05,2026-10-11,22
MAT014,CORTE E USINAGEM,MEDIUM,1,2026-09-14,2026-09-20,4
MAT014,CORTE E USINAGEM,MEDIUM,2,2026-09-21,2026-09-27,4
MAT014,CORTE E USINAGEM,MEDIUM,3,2026-09-28,2026-10-04,4
MAT014,CORTE E USINAGEM,MEDIUM,4,2026-10-05,2026-10-11,3
MAT015,CORTE E USINAGEM,LOW,1,2026-09-14,2026-09-20,12
MAT015,CORTE E USINAGEM,LOW,2,2026-09-21,2026-09-27,11
MAT015,CORTE E USINAGEM,LOW,3,2026-09-28,2026-10-04,12
MAT015,CORTE E USINAGEM,LOW,4,2026-10-05,2026-10-11,12
MAT016,CORTE E USINAGEM,HIGH,1,2026-09-14,2026-09-20,23
MAT016,CORTE E USINAGEM,HIGH,2,2026-09-21,2026-09-27,22
MAT016,CORTE E USINAGEM,HIGH,3,2026-09-28,2026-10-04,25
MAT016,CORTE E USINAGEM,HIGH,4,2026-10-05,2026-10-11,22
MAT017,CORTE E USINAGEM,LOW,1,2026-09-14,2026-09-20,28
MAT017,CORTE E USINAGEM,LOW,2,2026-09-21,2026-09-27,33
MAT017,CORTE E USINAGEM,LOW,3,2026-09-28,2026-10-04,31
MAT017,CORTE E USINAGEM,LOW,4,2026-10-05,2026-10-11,29
MAT018,CORTE E USINAGEM,MEDIUM,1,2026-09-14,2026-09-20,4
MAT018,CORTE E USINAGEM,MEDIUM,2,2026-09-21,2026-09-27,4
MAT018,CORTE E USINAGEM,MEDIUM,3,2026-09-28,2026-10-04,4
MAT018,CORTE E USINAGEM,MEDIUM,4,2026-10-05,2026-10-11,4
MAT019,ELETRICA_BATERIAS,MEDIUM,1,2026-09-14,2026-09-20,7
MAT019,ELETRICA_BATERIAS,MEDIUM,2,2026-09-21,2026-09-27,7
MAT019,ELETRICA_BATERIAS,MEDIUM,3,2026-09-28,2026-10-04,6
MAT019,ELETRICA_BATERIAS,MEDIUM,4,2026-10-05,2026-10-11,6
MAT020,ELETRICA_BATERIAS,MEDIUM,1,2026-09-14,2026-09-20,63
MAT020,ELETRICA_BATERIAS,MEDIUM,2,2026-09-21,2026-09-27,62
MAT020,ELETRICA_BATERIAS,MEDIUM,3,2026-09-28,2026-10-04,57
MAT020,ELETRICA_BATERIAS,MEDIUM,4,2026-10-05,2026-10-11,59
MAT021,ELETRICA_BATERIAS,HIGH,1,2026-09-14,2026-09-20,7
MAT021,ELETRICA_BATERIAS,HIGH,2,2026-09-21,2026-09-27,7
MAT021,ELETRICA_BATERIAS,HIGH,3,2026-09-28,2026-10-04,6
MAT021,ELETRICA_BATERIAS,HIGH,4,2026-10-05,2026-10-11,6
MAT022,ELETRICA_BATERIAS,LOW,1,2026-09-14,2026-09-20,42
MAT022,ELETRICA_BATERIAS,LOW,2,2026-09-21,2026-09-27,43
MAT022,ELETRICA_BATERIAS,LOW,3,2026-09-28,2026-10-04,41
MAT022,ELETRICA_BATERIAS,LOW,4,2026-10-05,2026-10-11,40
MAT023,ELETRICA_BATERIAS,HIGH,1,2026-09-14,2026-09-20,7
MAT023,ELETRICA_BATERIAS,HIGH,2,2026-09-21,2026-09-27,5
MAT023,ELETRICA_BATERIAS,HIGH,3,2026-09-28,2026-10-04,7
MAT023,ELETRICA_BATERIAS,HIGH,4,2026-10-05,2026-10-11,8
MAT024,ELETRICA_BATERIAS,LOW,1,2026-09-14,2026-09-20,48
MAT024,ELETRICA_BATERIAS,LOW,2,2026-09-21,2026-09-27,48
MAT024,ELETRICA_BATERIAS,LOW,3,2026-09-28,2026-10-04,49
MAT024,ELETRICA_BATERIAS,LOW,4,2026-10-05,2026-10-11,45
MAT025,EPI_CONSUMIVEIS,MEDIUM,1,2026-09-14,2026-09-20,54
MAT025,EPI_CONSUMIVEIS,MEDIUM,2,2026-09-21,2026-09-27,54
MAT025,EPI_CONSUMIVEIS,MEDIUM,3,2026-09-28,2026-10-04,52
MAT025,EPI_CONSUMIVEIS,MEDIUM,4,2026-10-05,2026-10-11,51
MAT026,EPI_CONSUMIVEIS,LOW,1,2026-09-14,2026-09-20,7
MAT026,EPI_CONSUMIVEIS,LOW,2,2026-09-21,2026-09-27,7
MAT026,EPI_CONSUMIVEIS,LOW,3,2026-09-28,2026-10-04,7
MAT026,EPI_CONSUMIVEIS,LOW,4,2026-10-05,2026-10-11,7
MAT027,EPI_CONSUMIVEIS,MEDIUM,1,2026-09-14,2026-09-20,29
MAT027,EPI_CONSUMIVEIS,MEDIUM,2,2026-09-21,2026-09-27,30
MAT027,EPI_CONSUMIVEIS,MEDIUM,3,2026-09-28,2026-10-04,28
MAT027,EPI_CONSUMIVEIS,MEDIUM,4,2026-10-05,2026-10-11,30
MAT028,EPI_CONSUMIVEIS,LOW,1,2026-09-14,2026-09-20,41
MAT028,EPI_CONSUMIVEIS,LOW,2,2026-09-21,2026-09-27,40
MAT028,EPI_CONSUMIVEIS,LOW,3,2026-09-28,2026-10-04,39
MAT028,EPI_CONSUMIVEIS,LOW,4,2026-10-05,2026-10-11,38
MAT029,EPI_CONSUMIVEIS,HIGH,1,2026-09-14,2026-09-20,13
MAT029,EPI_CONSUMIVEIS,HIGH,2,2026-09-21,2026-09-27,12
MAT029,EPI_CONSUMIVEIS,HIGH,3,2026-09-28,2026-10-04,13
MAT029,EPI_CONSUMIVEIS,HIGH,4,2026-10-05,2026-10-11,13
MAT030,EPI_CONSUMIVEIS,HIGH,1,2026-09-14,2026-09-20,6
MAT030,EPI_CONSUMIVEIS,HIGH,2,2026-09-21,2026-09-27,6
MAT030,EPI_CONSUMIVEIS,HIGH,3,2026-09-28,2026-10-04,6
MAT030,EPI_CONSUMIVEIS,HIGH,4,2026-10-05,2026-10-11,6
