mae,wape,bias,n_obs,product_id
2.5,6.666666666666667,2.5,8,MAT007
7.75,2.2142857142857144,4.5,8,MAT012
8.625,1.5681818181818181,1.125,8,MAT001
5.5,1.2571428571428571,2.0,8,MAT006
2.375,1.0,1.375,8,MAT014
6.625,0.8412698412698413,1.125,8,MAT023
5.5,0.6984126984126984,0.0,8,MAT008
3.25,0.5098039215686274,0.25,8,MAT026
1.625,0.48148148148148145,-0.375,8,MAT003
2.5,0.43478260869565216,1.5,8,MAT004
10.375,0.3672566371681416,-3.875,8,MAT027
2.75,0.36065573770491804,0.25,8,MAT021
6.75,0.32335329341317365,3.0,8,MAT013
1.5,0.3157894736842105,-0.75,8,MAT018
1.625,0.30952380952380953,0.625,8,MAT030
6.375,0.2897727272727273,-0.875,8,MAT016
15.625,0.2847380410022779,7.625,8,MAT025
4.0,0.2807017543859649,-2.5,8,MAT015
11.75,0.27976190476190477,-4.25,8,MAT028
7.875,0.27876106194690264,-3.625,8,MAT017
6.0,0.27586206896551724,4.25,8,MAT005
7.625,0.22932330827067668,3.125,8,MAT009
1.375,0.22,0.375,8,MAT019
9.375,0.20949720670391062,0.875,8,MAT022
6.375,0.20647773279352227,2.375,8,MAT010
2.5,0.20408163265306123,-0.75,8,MAT002
10.625,0.1528776978417266,-1.375,8,MAT020
1.5,0.11764705882352941,-1.0,8,MAT029
7.25,0.10861423220973783,-3.0,8,MAT011
3.875,0.08051948051948052,-0.625,8,MAT024
