product_id,product_name,category,criticality,forecast_weekly,forecast_4weeks_total,lead_time_days,on_hand,in_transit,safety_stock,target_stock,suggested_order,estimated_replenishment_cost,priority,priority_reason
MAT001,"Disco de Corte 4,5 pol",ABRASIVOS,HIGH,5.75,23,14,28,0,16.8,34.05,7,562.8,MEDIA,"estoque-alvo (34.0) acima do disponível + em trânsito (28), sem risco imediato de ruptura"
MAT002,Disco de Desbaste 7 pol,ABRASIVOS,HIGH,11.75,47,10,55,0,6.46,34.99,0,0.0,BAIXA,estoque disponível (55) + em trânsito (0) cobre o estoque-alvo calculado (35.0); nenhuma reposição adicional sugerida
MAT003,"Disco Flap 4,5 pol",ABRASIVOS,MEDIUM,3.25,13,14,8,14,3.02,12.77,0,0.0,BAIXA,estoque disponível (8) + em trânsito (14) cobre o estoque-alvo calculado (12.8); nenhuma reposição adicional sugerida
MAT004,Lixa Grão 80,ABRASIVOS,HIGH,5.75,23,14,21,0,6.61,23.86,3,501.0,MEDIA,"estoque-alvo (23.9) acima do disponível + em trânsito (21), sem risco imediato de ruptura"
MAT005,Escova de Aço Rotativa,ABRASIVOS,MEDIUM,24.0,96,7,27,0,10.02,58.02,32,1370.56,MEDIA,"estoque-alvo (58.0) acima do disponível + em trânsito (27), sem risco imediato de ruptura"
MAT006,Rebolo de Bancada,ABRASIVOS,HIGH,4.25,17,5,40,0,9.22,16.51,0,0.0,BAIXA,estoque disponível (40) + em trânsito (0) cobre o estoque-alvo calculado (16.5); nenhuma reposição adicional sugerida
MAT007,"Eletrodo Revestido 3,25mm",SOLDAGEM,HIGH,2.5,10,7,15,0,5.17,10.17,0,0.0,BAIXA,estoque disponível (15) + em trânsito (0) cobre o estoque-alvo calculado (10.2); nenhuma reposição adicional sugerida
MAT008,Arame de Solda MIG,SOLDAGEM,LOW,6.5,26,7,35,0,6.38,19.38,0,0.0,BAIXA,estoque disponível (35) + em trânsito (0) cobre o estoque-alvo calculado (19.4); nenhuma reposição adicional sugerida
MAT009,Bico de Contato MIG,SOLDAGEM,MEDIUM,31.75,127,3,28,0,8.6,53.95,26,3217.24,MEDIA,"estoque-alvo (54.0) acima do disponível + em trânsito (28), sem risco imediato de ruptura"
MAT010,Máscara de Solda Filtro Escuro,SOLDAGEM,MEDIUM,30.0,120,21,77,119,20.75,140.75,0,0.0,CRITICA,estoque disponível (77) não cobre a demanda esperada durante o lead time (90.0) (estoque em trânsito não é considerado nesta checagem de risco por não haver ETA disponível por pedido)
MAT011,Vareta de Solda TIG,SOLDAGEM,MEDIUM,59.75,239,5,129,0,26.0,128.43,0,0.0,BAIXA,estoque disponível (129) + em trânsito (0) cobre o estoque-alvo calculado (128.4); nenhuma reposição adicional sugerida
MAT012,"Eletrodo Revestido 3,25mm (Lote 2)",SOLDAGEM,HIGH,3.25,13,21,56,0,17.26,30.26,0,0.0,BAIXA,estoque disponível (56) + em trânsito (0) cobre o estoque-alvo calculado (30.3); nenhuma reposição adicional sugerida
MAT013,Broca de Aço Rápido 8mm,CORTE E USINAGEM,HIGH,23.0,92,14,60,108,15.78,84.78,0,0.0,BAIXA,estoque disponível (60) + em trânsito (108) cobre o estoque-alvo calculado (84.8); nenhuma reposição adicional sugerida
MAT014,Lâmina de Serra Fita,CORTE E USINAGEM,MEDIUM,3.75,15,21,27,0,11.39,26.39,0,0.0,BAIXA,estoque disponível (27) + em trânsito (0) cobre o estoque-alvo calculado (26.4); nenhuma reposição adicional sugerida
MAT015,Pastilha de Torno,CORTE E USINAGEM,LOW,11.75,47,3,19,0,4.62,21.4,3,113.94,MEDIA,"estoque-alvo (21.4) acima do disponível + em trânsito (19), sem risco imediato de ruptura"
MAT016,Fresa de Topo 10mm,CORTE E USINAGEM,HIGH,23.0,92,7,78,0,8.48,54.48,0,0.0,BAIXA,estoque disponível (78) + em trânsito (0) cobre o estoque-alvo calculado (54.5); nenhuma reposição adicional sugerida
MAT017,Broca de Aço Rápido 5mm,CORTE E USINAGEM,LOW,30.25,121,7,72,0,11.85,72.35,1,103.45,MEDIA,"estoque-alvo (72.4) acima do disponível + em trânsito (72), sem risco imediato de ruptura"
MAT018,Broca de Aço Rápido 8mm (Lote 2),CORTE E USINAGEM,MEDIUM,4.0,16,10,7,0,2.75,12.46,6,726.84,MEDIA,"estoque-alvo (12.5) acima do disponível + em trânsito (7), sem risco imediato de ruptura"
MAT019,Bateria para Ferramenta 18V,ELETRICA_BATERIAS,MEDIUM,6.5,26,14,8,31,7.12,26.62,0,0.0,CRITICA,estoque disponível (8) não cobre a demanda esperada durante o lead time (13.0) (estoque em trânsito não é considerado nesta checagem de risco por não haver ETA disponível por pedido)
MAT020,"Cabo Flexível 2,5mm",ELETRICA_BATERIAS,MEDIUM,60.25,241,10,225,0,23.18,169.5,0,0.0,BAIXA,estoque disponível (225) + em trânsito (0) cobre o estoque-alvo calculado (169.5); nenhuma reposição adicional sugerida
MAT021,Fita Isolante,ELETRICA_BATERIAS,HIGH,6.5,26,5,25,0,4.55,15.69,0,0.0,BAIXA,estoque disponível (25) + em trânsito (0) cobre o estoque-alvo calculado (15.7); nenhuma reposição adicional sugerida
MAT022,Terminal Elétrico Prensado,ELETRICA_BATERIAS,LOW,41.5,166,21,218,0,25.31,191.31,0,0.0,BAIXA,estoque disponível (218) + em trânsito (0) cobre o estoque-alvo calculado (191.3); nenhuma reposição adicional sugerida
MAT023,Lâmpada de Sinalização Industrial,ELETRICA_BATERIAS,HIGH,6.75,27,10,16,0,16.36,32.75,17,1723.29,ALTA,estoque disponível (16) abaixo do estoque de segurança (16.4) (estoque em trânsito não é considerado nesta checagem de risco por não haver ETA disponível por pedido)
MAT024,Bateria para Ferramenta 18V (Lote 2),ELETRICA_BATERIAS,LOW,47.5,190,7,64,0,13.02,108.02,45,3358.35,MEDIA,"estoque-alvo (108.0) acima do disponível + em trânsito (64), sem risco imediato de ruptura"
MAT025,Luva de Proteção Nitrílica,EPI_CONSUMIVEIS,MEDIUM,52.75,211,3,115,0,13.7,89.06,0,0.0,BAIXA,estoque disponível (115) + em trânsito (0) cobre o estoque-alvo calculado (89.1); nenhuma reposição adicional sugerida
MAT026,Óculos de Segurança Incolor,EPI_CONSUMIVEIS,LOW,7.0,28,21,37,0,8.79,36.79,0,0.0,BAIXA,estoque disponível (37) + em trânsito (0) cobre o estoque-alvo calculado (36.8); nenhuma reposição adicional sugerida
MAT027,Protetor Auricular Tipo Plug,EPI_CONSUMIVEIS,MEDIUM,29.25,117,14,51,0,22.51,110.26,60,4901.4,CRITICA,estoque disponível (51) não cobre a demanda esperada durante o lead time (58.5) (estoque em trânsito não é considerado nesta checagem de risco por não haver ETA disponível por pedido)
MAT028,Máscara Descartável PFF2,EPI_CONSUMIVEIS,LOW,39.5,158,10,72,0,17.06,112.99,41,4689.58,MEDIA,"estoque-alvo (113.0) acima do disponível + em trânsito (72), sem risco imediato de ruptura"
MAT029,Avental de Raspa de Couro,EPI_CONSUMIVEIS,HIGH,12.75,51,3,51,0,3.07,21.28,0,0.0,BAIXA,estoque disponível (51) + em trânsito (0) cobre o estoque-alvo calculado (21.3); nenhuma reposição adicional sugerida
MAT030,Luva de Proteção Nitrílica (Lote 2),EPI_CONSUMIVEIS,HIGH,6.0,24,14,27,0,3.96,21.96,0,0.0,BAIXA,estoque disponível (27) + em trânsito (0) cobre o estoque-alvo calculado (22.0); nenhuma reposição adicional sugerida
