week_id,week_start,week_end,year,week_of_year,is_known
1,2024-09-16,2024-09-22,2024,38,True
2,2024-09-23,2024-09-29,2024,39,True
3,2024-09-30,2024-10-06,2024,40,True
4,2024-10-07,2024-10-13,2024,41,True
5,2024-10-14,2024-10-20,2024,42,True
6,2024-10-21,2024-10-27,2024,43,True
7,2024-10-28,2024-11-03,2024,44,True
8,2024-11-04,2024-11-10,2024,45,True
9,2024-11-11,2024-11-17,2024,46,True
10,2024-11-18,2024-11-24,2024,47,True
11,2024-11-25,2024-12-01,2024,48,True
12,2024-12-02,2024-12-08,2024,49,True
13,2024-12-09,2024-12-15,2024,50,True
14,2024-12-16,2024-12-22,2024,51,True
15,2024-12-23,2024-12-29,2024,52,True
16,2024-12-30,2025-01-05,2025,1,True
17,2025-01-06,2025-01-12,2025,2,True
18,2025-01-13,2025-01-19,2025,3,True
19,2025-01-20,2025-01-26,2025,4,True
20,2025-01-27,2025-02-02,2025,5,True
21,2025-02-03,2025-02-09,2025,6,True
22,2025-02-10,2025-02-16,2025,7,True
23,2025-02-17,2025-02-23,2025,8,True
24,2025-02-24,2025-03-02,2025,9,True
25,2025-03-03,2025-03-09,2025,10,True
26,2025-03-10,2025-03-16,2025,11,True
27,2025-03-17,2025-03-23,2025,12,True
28,2025-03-24,2025-03-30,2025,13,True
29,2025-03-31,2025-04-06,2025,14,True
30,2025-04-07,2025-04-13,2025,15,True
31,2025-04-14,2025-04-20,2025,16,True
32,2025-04-21,2025-04-27,2025,17,True
33,2025-04-28,2025-05-04,2025,18,True
34,2025-05-05,2025-05-11,2025,19,True
35,2025-05-12,2025-05-18,2025,20,True
36,2025-05-19,2025-05-25,2025,21,True
37,2025-05-26,2025-06-01,2025,22,True
38,2025-06-02,2025-06-08,2025,23,True
39,2025-06-09,2025-06-15,2025,24,True
40,2025-06-16,2025-06-22,2025,25,True
41,2025-06-23,2025-06-29,2025,26,True
42,2025-06-30,2025-07-06,2025,27,True
43,2025-07-07,2025-07-13,2025,28,True
44,2025-07-14,2025-07-20,2025,29,True
45,2025-07-21,2025-07-27,2025,30,True
46,2025-07-28,2025-08-03,2025,31,True
47,2025-08-04,2025-08-10,2025,32,True
48,2025-08-11,2025-08-17,2025,33,True
49,2025-08-18,2025-08-24,2025,34,True
50,2025-08-25,2025-08-31,2025,35,True
51,2025-09-01,2025-09-07,2025,36,True
52,2025-09-08,2025-09-14,2025,37,True
53,2025-09-15,2025-09-21,2025,38,True
54,2025-09-22,2025-09-28,2025,39,True
55,2025-09-29,2025-10-05,2025,40,True
56,2025-10-06,2025-10-12,2025,41,True
57,2025-10-13,2025-10-19,2025,42,True
58,2025-10-20,2025-10-26,2025,43,True
59,2025-10-27,2025-11-02,2025,44,True
60,2025-11-03,2025-11-09,2025,45,True
61,2025-11-10,2025-11-16,2025,46,True
62,2025-11-17,2025-11-23,2025,47,True
63,2025-11-24,2025-11-30,2025,48,True
64,2025-12-01,2025-12-07,2025,49,True
65,2025-12-08,2025-12-14,2025,50,True
66,2025-12-15,2025-12-21,2025,51,True
67,2025-12-22,2025-12-28,2025,52,True
68,2025-12-29,2026-01-04,2026,1,True
69,2026-01-05,2026-01-11,2026,2,True
70,2026-01-12,2026-01-18,2026,3,True
71,2026-01-19,2026-01-25,2026,4,True
72,2026-01-26,2026-02-01,2026,5,True
73,2026-02-02,2026-02-08,2026,6,True
74,2026-02-09,2026-02-15,2026,7,True
75,2026-02-16,2026-02-22,2026,8,True
76,2026-02-23,2026-03-01,2026,9,True
77,2026-03-02,2026-03-08,2026,10,True
78,2026-03-09,2026-03-15,2026,11,True
79,2026-03-16,2026-03-22,2026,12,True
80,2026-03-23,2026-03-29,2026,13,True
81,2026-03-30,2026-04-05,2026,14,True
82,2026-04-06,2026-04-12,2026,15,True
83,2026-04-13,2026-04-19,2026,16,True
84,2026-04-20,2026-04-26,2026,17,True
85,2026-04-27,2026-05-03,2026,18,True
86,2026-05-04,2026-05-10,2026,19,True
87,2026-05-11,2026-05-17,2026,20,True
88,2026-05-18,2026-05-24,2026,21,True
89,2026-05-25,2026-05-31,2026,22,True
90,2026-06-01,2026-06-07,2026,23,True
91,2026-06-08,2026-06-14,2026,24,True
92,2026-06-15,2026-06-21,2026,25,True
93,2026-06-22,2026-06-28,2026,26,True
94,2026-06-29,2026-07-05,2026,27,True
95,2026-07-06,2026-07-12,2026,28,True
96,2026-07-13,2026-07-19,2026,29,True
97,2026-07-20,2026-07-26,2026,30,True
98,2026-07-27,2026-08-02,2026,31,True
99,2026-08-03,2026-08-09,2026,32,True
100,2026-08-10,2026-08-16,2026,33,True
101,2026-08-17,2026-08-23,2026,34,True
102,2026-08-24,2026-08-30,2026,35,True
103,2026-08-31,2026-09-06,2026,36,True
104,2026-09-07,2026-09-13,2026,37,True
105,2026-09-14,2026-09-20,2026,38,False
106,2026-09-21,2026-09-27,2026,39,False
107,2026-09-28,2026-10-04,2026,40,False
108,2026-10-05,2026-10-11,2026,41,False
