snapshot_date,product_id,on_hand,in_transit
2024-09-22,MAT001,21,0
2024-09-29,MAT001,14,42
2024-10-06,MAT001,40,0
2024-10-13,MAT001,40,0
2024-10-20,MAT001,40,0
2024-10-27,MAT001,40,0
2024-11-03,MAT001,40,0
2024-11-10,MAT001,40,0
2024-11-17,MAT001,40,0
2024-11-24,MAT001,28,0
2024-12-01,MAT001,8,42
2024-12-08,MAT001,44,0
2024-12-15,MAT001,24,0
2024-12-22,MAT001,24,42
2024-12-29,MAT001,54,0
2025-01-05,MAT001,54,0
2025-01-12,MAT001,54,0
2025-01-19,MAT001,54,0
2025-01-26,MAT001,54,0
2025-02-02,MAT001,54,0
2025-02-09,MAT001,54,0
2025-02-16,MAT001,54,0
2025-02-23,MAT001,48,0
2025-03-02,MAT001,48,0
2025-03-09,MAT001,48,0
2025-03-16,MAT001,48,0
2025-03-23,MAT001,48,0
2025-03-30,MAT001,39,0
2025-04-06,MAT001,39,0
2025-04-13,MAT001,39,0
2025-04-20,MAT001,22,0
2025-04-27,MAT001,11,42
2025-05-04,MAT001,47,0
2025-05-11,MAT001,47,0
2025-05-18,MAT001,30,0
2025-05-25,MAT001,13,42
2025-06-01,MAT001,55,0
2025-06-08,MAT001,45,0
2025-06-15,MAT001,45,0
2025-06-22,MAT001,37,0
2025-06-29,MAT001,37,0
2025-07-06,MAT001,37,0
2025-07-13,MAT001,37,0
2025-07-20,MAT001,37,0
2025-07-27,MAT001,37,0
2025-08-03,MAT001,21,0
2025-08-10,MAT001,7,42
2025-08-17,MAT001,36,0
2025-08-24,MAT001,31,0
2025-08-31,MAT001,31,0
2025-09-07,MAT001,31,0
2025-09-14,MAT001,10,0
2025-09-21,MAT001,10,42
2025-09-28,MAT001,44,0
2025-10-05,MAT001,44,0
2025-10-12,MAT001,44,0
2025-10-19,MAT001,44,0
2025-10-26,MAT001,42,0
2025-11-02,MAT001,42,0
2025-11-09,MAT001,42,0
2025-11-16,MAT001,42,0
2025-11-23,MAT001,42,0
2025-11-30,MAT001,42,0
2025-12-07,MAT001,42,0
2025-12-14,MAT001,21,0
2025-12-21,MAT001,21,42
2025-12-28,MAT001,36,0
2026-01-04,MAT001,22,0
2026-01-11,MAT001,21,42
2026-01-18,MAT001,63,0
2026-01-25,MAT001,63,0
2026-02-01,MAT001,63,0
2026-02-08,MAT001,63,0
2026-02-15,MAT001,63,0
2026-02-22,MAT001,41,0
2026-03-01,MAT001,41,0
2026-03-08,MAT001,41,0
2026-03-15,MAT001,41,0
2026-03-22,MAT001,41,0
2026-03-29,MAT001,41,0
2026-04-05,MAT001,24,0
2026-04-12,MAT001,24,42
2026-04-19,MAT001,66,0
2026-04-26,MAT001,61,0
2026-05-03,MAT001,61,0
2026-05-10,MAT001,43,0
2026-05-17,MAT001,43,0
2026-05-24,MAT001,28,0
2026-05-31,MAT001,28,42
2026-06-07,MAT001,70,0
2026-06-14,MAT001,70,0
2026-06-21,MAT001,58,0
2026-06-28,MAT001,45,0
2026-07-05,MAT001,40,0
2026-07-12,MAT001,40,0
2026-07-19,MAT001,30,0
2026-07-26,MAT001,15,42
2026-08-02,MAT001,57,0
2026-08-09,MAT001,57,0
2026-08-16,MAT001,57,0
2026-08-23,MAT001,57,0
2026-08-30,MAT001,57,0
2026-09-06,MAT001,45,0
2026-09-13,MAT001,28,0
2024-09-22,MAT002,38,0
2024-09-29,MAT002,25,0
2024-10-06,MAT002,12,0
2024-10-13,MAT002,48,0
2024-10-20,MAT002,39,0
2024-10-27,MAT002,30,0
2024-11-03,MAT002,21,0
2024-11-10,MAT002,63,0
2024-11-17,MAT002,48,0
2024-11-24,MAT002,32,0
2024-12-01,MAT002,17,0
2024-12-08,MAT002,53,0
2024-12-15,MAT002,45,0
2024-12-22,MAT002,30,0
2024-12-29,MAT002,19,0
2025-01-05,MAT002,55,0
2025-01-12,MAT002,46,0
2025-01-19,MAT002,35,0
2025-01-26,MAT002,23,0
2025-02-02,MAT002,57,0
2025-02-09,MAT002,45,0
2025-02-16,MAT002,37,0
2025-02-23,MAT002,19,0
2025-03-02,MAT002,55,0
2025-03-09,MAT002,45,0
2025-03-16,MAT002,33,0
2025-03-23,MAT002,26,0
2025-03-30,MAT002,22,0
2025-04-06,MAT002,62,0
2025-04-13,MAT002,48,0
2025-04-20,MAT002,33,0
2025-04-27,MAT002,22,0
2025-05-04,MAT002,54,0
2025-05-11,MAT002,42,0
2025-05-18,MAT002,32,0
2025-05-25,MAT002,23,0
2025-06-01,MAT002,61,0
2025-06-08,MAT002,45,0
2025-06-15,MAT002,31,0
2025-06-22,MAT002,16,0
2025-06-29,MAT002,54,0
2025-07-06,MAT002,46,0
2025-07-13,MAT002,37,0
2025-07-20,MAT002,29,0
2025-07-27,MAT002,12,0
2025-08-03,MAT002,47,0
2025-08-10,MAT002,35,0
2025-08-17,MAT002,20,0
2025-08-24,MAT002,63,0
2025-08-31,MAT002,56,0
2025-09-07,MAT002,38,0
2025-09-14,MAT002,26,0
2025-09-21,MAT002,8,0
2025-09-28,MAT002,42,0
2025-10-05,MAT002,28,0
2025-10-12,MAT002,21,0
2025-10-19,MAT002,60,0
2025-10-26,MAT002,43,0
2025-11-02,MAT002,30,0
2025-11-09,MAT002,18,0
2025-11-16,MAT002,56,0
2025-11-23,MAT002,47,0
2025-11-30,MAT002,38,0
2025-12-07,MAT002,31,0
2025-12-14,MAT002,15,0
2025-12-21,MAT002,51,0
2025-12-28,MAT002,35,0
2026-01-04,MAT002,24,0
2026-01-11,MAT002,61,0
2026-01-18,MAT002,50,0
2026-01-25,MAT002,39,0
2026-02-01,MAT002,33,0
2026-02-08,MAT002,20,0
2026-02-15,MAT002,66,0
2026-02-22,MAT002,55,0
2026-03-01,MAT002,37,0
2026-03-08,MAT002,19,0
2026-03-15,MAT002,54,0
2026-03-22,MAT002,44,0
2026-03-29,MAT002,33,0
2026-04-05,MAT002,21,0
2026-04-12,MAT002,65,0
2026-04-19,MAT002,53,0
2026-04-26,MAT002,45,0
2026-05-03,MAT002,34,0
2026-05-10,MAT002,19,0
2026-05-17,MAT002,63,0
2026-05-24,MAT002,51,0
2026-05-31,MAT002,38,0
2026-06-07,MAT002,29,0
2026-06-14,MAT002,18,0
2026-06-21,MAT002,56,0
2026-06-28,MAT002,45,0
2026-07-05,MAT002,35,0
2026-07-12,MAT002,21,0
2026-07-19,MAT002,54,0
2026-07-26,MAT002,46,0
2026-08-02,MAT002,32,0
2026-08-09,MAT002,22,0
2026-08-16,MAT002,57,0
2026-08-23,MAT002,46,0
2026-08-30,MAT002,35,0
2026-09-06,MAT002,21,0
2026-09-13,MAT002,55,0
2024-09-22,MAT003,11,0
2024-09-29,MAT003,6,0
2024-10-06,MAT003,2,14
2024-10-13,MAT003,13,0
2024-10-20,MAT003,9,0
2024-10-27,MAT003,5,14
2024-11-03,MAT003,13,0
2024-11-10,MAT003,9,0
2024-11-17,MAT003,7,14
2024-11-24,MAT003,18,0
2024-12-01,MAT003,14,0
2024-12-08,MAT003,10,0
2024-12-15,MAT003,5,14
2024-12-22,MAT003,16,0
2024-12-29,MAT003,12,0
2025-01-05,MAT003,8,0
2025-01-12,MAT003,4,14
2025-01-19,MAT003,13,0
2025-01-26,MAT003,8,0
2025-02-02,MAT003,4,14
2025-02-09,MAT003,15,0
2025-02-16,MAT003,11,0
2025-02-23,MAT003,6,0
2025-03-02,MAT003,1,14
2025-03-09,MAT003,14,0
2025-03-16,MAT003,12,0
2025-03-23,MAT003,9,0
2025-03-30,MAT003,5,14
2025-04-06,MAT003,18,0
2025-04-13,MAT003,14,0
2025-04-20,MAT003,10,0
2025-04-27,MAT003,6,14
2025-05-04,MAT003,18,0
2025-05-11,MAT003,14,0
2025-05-18,MAT003,11,0
2025-05-25,MAT003,7,0
2025-06-01,MAT003,0,14
2025-06-08,MAT003,10,0
2025-06-15,MAT003,7,14
2025-06-22,MAT003,17,0
2025-06-29,MAT003,13,0
2025-07-06,MAT003,10,0
2025-07-13,MAT003,7,14
2025-07-20,MAT003,16,0
2025-07-27,MAT003,13,0
2025-08-03,MAT003,10,0
2025-08-10,MAT003,6,14
2025-08-17,MAT003,18,0
2025-08-24,MAT003,15,0
2025-08-31,MAT003,11,0
2025-09-07,MAT003,8,0
2025-09-14,MAT003,2,14
2025-09-21,MAT003,13,0
2025-09-28,MAT003,11,0
2025-10-05,MAT003,9,0
2025-10-12,MAT003,4,14
2025-10-19,MAT003,16,0
2025-10-26,MAT003,12,0
2025-11-02,MAT003,8,0
2025-11-09,MAT003,4,14
2025-11-16,MAT003,15,0
2025-11-23,MAT003,9,0
2025-11-30,MAT003,8,14
2025-12-07,MAT003,20,0
2025-12-14,MAT003,15,0
2025-12-21,MAT003,12,0
2025-12-28,MAT003,11,0
2026-01-04,MAT003,7,14
2026-01-11,MAT003,17,0
2026-01-18,MAT003,13,0
2026-01-25,MAT003,9,0
2026-02-01,MAT003,7,14
2026-02-08,MAT003,18,0
2026-02-15,MAT003,16,0
2026-02-22,MAT003,13,0
2026-03-01,MAT003,10,0
2026-03-08,MAT003,9,14
2026-03-15,MAT003,22,0
2026-03-22,MAT003,20,0
2026-03-29,MAT003,16,0
2026-04-05,MAT003,13,0
2026-04-12,MAT003,11,0
2026-04-19,MAT003,7,14
2026-04-26,MAT003,18,0
2026-05-03,MAT003,12,0
2026-05-10,MAT003,10,0
2026-05-17,MAT003,7,14
2026-05-24,MAT003,18,0
2026-05-31,MAT003,16,0
2026-06-07,MAT003,12,0
2026-06-14,MAT003,9,0
2026-06-21,MAT003,7,14
2026-06-28,MAT003,21,0
2026-07-05,MAT003,16,0
2026-07-12,MAT003,11,0
2026-07-19,MAT003,7,14
2026-07-26,MAT003,17,0
2026-08-02,MAT003,16,0
2026-08-09,MAT003,12,0
2026-08-16,MAT003,8,0
2026-08-23,MAT003,3,14
2026-08-30,MAT003,11,0
2026-09-06,MAT003,10,0
2026-09-13,MAT003,8,14
2024-09-22,MAT004,29,0
2024-09-29,MAT004,24,0
2024-10-06,MAT004,13,0
2024-10-13,MAT004,6,28
2024-10-20,MAT004,30,0
2024-10-27,MAT004,22,0
2024-11-03,MAT004,13,0
2024-11-10,MAT004,6,28
2024-11-17,MAT004,27,0
2024-11-24,MAT004,25,0
2024-12-01,MAT004,19,0
2024-12-08,MAT004,9,28
2024-12-15,MAT004,32,0
2024-12-22,MAT004,24,0
2024-12-29,MAT004,21,0
2025-01-05,MAT004,14,0
2025-01-12,MAT004,9,28
2025-01-19,MAT004,37,0
2025-01-26,MAT004,32,0
2025-02-02,MAT004,27,0
2025-02-09,MAT004,17,0
2025-02-16,MAT004,10,28
2025-02-23,MAT004,33,0
2025-03-02,MAT004,30,0
2025-03-09,MAT004,22,0
2025-03-16,MAT004,13,0
2025-03-23,MAT004,5,28
2025-03-30,MAT004,24,0
2025-04-06,MAT004,15,0
2025-04-13,MAT004,1,28
2025-04-20,MAT004,22,0
2025-04-27,MAT004,13,0
2025-05-04,MAT004,4,28
2025-05-11,MAT004,25,0
2025-05-18,MAT004,18,0
2025-05-25,MAT004,13,28
2025-06-01,MAT004,30,0
2025-06-08,MAT004,26,0
2025-06-15,MAT004,17,0
2025-06-22,MAT004,5,28
2025-06-29,MAT004,25,0
2025-07-06,MAT004,16,0
2025-07-13,MAT004,7,28
2025-07-20,MAT004,22,0
2025-07-27,MAT004,11,0
2025-08-03,MAT004,5,28
2025-08-10,MAT004,24,0
2025-08-17,MAT004,11,0
2025-08-24,MAT004,6,28
2025-08-31,MAT004,24,0
2025-09-07,MAT004,13,0
2025-09-14,MAT004,8,28
2025-09-21,MAT004,28,0
2025-09-28,MAT004,22,0
2025-10-05,MAT004,16,0
2025-10-12,MAT004,12,28
2025-10-19,MAT004,37,0
2025-10-26,MAT004,31,0
2025-11-02,MAT004,26,0
2025-11-09,MAT004,19,0
2025-11-16,MAT004,8,28
2025-11-23,MAT004,29,0
2025-11-30,MAT004,21,0
2025-12-07,MAT004,18,0
2025-12-14,MAT004,10,28
2025-12-21,MAT004,37,0
2025-12-28,MAT004,31,0
2026-01-04,MAT004,22,0
2026-01-11,MAT004,15,0
2026-01-18,MAT004,7,28
2026-01-25,MAT004,28,0
2026-02-01,MAT004,23,0
2026-02-08,MAT004,17,0
2026-02-15,MAT004,9,28
2026-02-22,MAT004,27,0
2026-03-01,MAT004,19,0
2026-03-08,MAT004,7,28
2026-03-15,MAT004,27,0
2026-03-22,MAT004,25,0
2026-03-29,MAT004,17,0
2026-04-05,MAT004,10,28
2026-04-12,MAT004,38,0
2026-04-19,MAT004,31,0
2026-04-26,MAT004,24,0
2026-05-03,MAT004,14,0
2026-05-10,MAT004,9,28
2026-05-17,MAT004,27,0
2026-05-24,MAT004,15,0
2026-05-31,MAT004,7,28
2026-06-07,MAT004,25,0
2026-06-14,MAT004,19,0
2026-06-21,MAT004,13,28
2026-06-28,MAT004,33,0
2026-07-05,MAT004,28,0
2026-07-12,MAT004,18,0
2026-07-19,MAT004,10,28
2026-07-26,MAT004,27,0
2026-08-02,MAT004,20,0
2026-08-09,MAT004,14,28
2026-08-16,MAT004,42,0
2026-08-23,MAT004,37,0
2026-08-30,MAT004,33,0
2026-09-06,MAT004,25,0
2026-09-13,MAT004,21,0
2024-09-22,MAT005,61,0
2024-09-29,MAT005,43,0
2024-10-06,MAT005,24,0
2024-10-13,MAT005,84,0
2024-10-20,MAT005,61,0
2024-10-27,MAT005,45,0
2024-11-03,MAT005,21,0
2024-11-10,MAT005,75,0
2024-11-17,MAT005,52,0
2024-11-24,MAT005,38,0
2024-12-01,MAT005,96,0
2024-12-08,MAT005,70,0
2024-12-15,MAT005,57,0
2024-12-22,MAT005,38,0
2024-12-29,MAT005,97,0
2025-01-05,MAT005,79,0
2025-01-12,MAT005,59,0
2025-01-19,MAT005,34,0
2025-01-26,MAT005,82,0
2025-02-02,MAT005,59,0
2025-02-09,MAT005,38,0
2025-02-16,MAT005,97,0
2025-02-23,MAT005,73,0
2025-03-02,MAT005,59,0
2025-03-09,MAT005,33,0
2025-03-16,MAT005,90,0
2025-03-23,MAT005,69,0
2025-03-30,MAT005,54,0
2025-04-06,MAT005,41,0
2025-04-13,MAT005,25,0
2025-04-20,MAT005,80,0
2025-04-27,MAT005,52,0
2025-05-04,MAT005,42,0
2025-05-11,MAT005,18,0
2025-05-18,MAT005,69,0
2025-05-25,MAT005,50,0
2025-06-01,MAT005,26,0
2025-06-08,MAT005,85,0
2025-06-15,MAT005,62,0
2025-06-22,MAT005,47,0
2025-06-29,MAT005,25,0
2025-07-06,MAT005,84,0
2025-07-13,MAT005,65,0
2025-07-20,MAT005,36,0
2025-07-27,MAT005,96,0
2025-08-03,MAT005,68,0
2025-08-10,MAT005,50,0
2025-08-17,MAT005,31,0
2025-08-24,MAT005,87,0
2025-08-31,MAT005,68,0
2025-09-07,MAT005,43,0
2025-09-14,MAT005,12,0
2025-09-21,MAT005,59,0
2025-09-28,MAT005,49,0
2025-10-05,MAT005,17,0
2025-10-12,MAT005,65,0
2025-10-19,MAT005,38,0
2025-10-26,MAT005,105,0
2025-11-02,MAT005,83,0
2025-11-09,MAT005,60,0
2025-11-16,MAT005,32,0
2025-11-23,MAT005,86,0
2025-11-30,MAT005,59,0
2025-12-07,MAT005,32,0
2025-12-14,MAT005,82,0
2025-12-21,MAT005,49,0
2025-12-28,MAT005,18,0
2026-01-04,MAT005,78,0
2026-01-11,MAT005,49,0
2026-01-18,MAT005,22,0
2026-01-25,MAT005,81,0
2026-02-01,MAT005,65,0
2026-02-08,MAT005,41,0
2026-02-15,MAT005,13,0
2026-02-22,MAT005,68,0
2026-03-01,MAT005,51,0
2026-03-08,MAT005,15,0
2026-03-15,MAT005,67,0
2026-03-22,MAT005,39,0
2026-03-29,MAT005,95,0
2026-04-05,MAT005,80,0
2026-04-12,MAT005,64,0
2026-04-19,MAT005,50,0
2026-04-26,MAT005,30,0
2026-05-03,MAT005,76,0
2026-05-10,MAT005,50,0
2026-05-17,MAT005,30,0
2026-05-24,MAT005,74,0
2026-05-31,MAT005,54,0
2026-06-07,MAT005,23,0
2026-06-14,MAT005,71,0
2026-06-21,MAT005,64,0
2026-06-28,MAT005,46,0
2026-07-05,MAT005,11,0
2026-07-12,MAT005,63,0
2026-07-19,MAT005,42,0
2026-07-26,MAT005,26,0
2026-08-02,MAT005,83,0
2026-08-09,MAT005,55,0
2026-08-16,MAT005,35,0
2026-08-23,MAT005,102,0
2026-08-30,MAT005,80,0
2026-09-06,MAT005,51,0
2026-09-13,MAT005,27,0
2024-09-22,MAT006,44,0
2024-09-29,MAT006,44,0
2024-10-06,MAT006,34,0
2024-10-13,MAT006,27,0
2024-10-20,MAT006,27,0
2024-10-27,MAT006,26,0
2024-11-03,MAT006,16,0
2024-11-10,MAT006,56,0
2024-11-17,MAT006,50,0
2024-11-24,MAT006,39,0
2024-12-01,MAT006,39,0
2024-12-08,MAT006,20,0
2024-12-15,MAT006,20,0
2024-12-22,MAT006,10,0
2024-12-29,MAT006,51,0
2025-01-05,MAT006,37,0
2025-01-12,MAT006,18,0
2025-01-19,MAT006,58,0
2025-01-26,MAT006,58,0
2025-02-02,MAT006,53,0
2025-02-09,MAT006,53,0
2025-02-16,MAT006,43,0
2025-02-23,MAT006,43,0
2025-03-02,MAT006,43,0
2025-03-09,MAT006,28,0
2025-03-16,MAT006,19,0
2025-03-23,MAT006,59,0
2025-03-30,MAT006,52,0
2025-04-06,MAT006,52,0
2025-04-13,MAT006,52,0
2025-04-20,MAT006,52,0
2025-04-27,MAT006,52,0
2025-05-04,MAT006,47,0
2025-05-11,MAT006,47,0
2025-05-18,MAT006,47,0
2025-05-25,MAT006,35,0
2025-06-01,MAT006,24,0
2025-06-08,MAT006,11,0
2025-06-15,MAT006,38,0
2025-06-22,MAT006,38,0
2025-06-29,MAT006,29,0
2025-07-06,MAT006,17,0
2025-07-13,MAT006,57,0
2025-07-20,MAT006,57,0
2025-07-27,MAT006,46,0
2025-08-03,MAT006,46,0
2025-08-10,MAT006,41,0
2025-08-17,MAT006,31,0
2025-08-24,MAT006,31,0
2025-08-31,MAT006,19,0
2025-09-07,MAT006,50,0
2025-09-14,MAT006,37,0
2025-09-21,MAT006,37,0
2025-09-28,MAT006,37,0
2025-10-05,MAT006,23,0
2025-10-12,MAT006,17,0
2025-10-19,MAT006,47,0
2025-10-26,MAT006,47,0
2025-11-02,MAT006,36,0
2025-11-09,MAT006,23,0
2025-11-16,MAT006,7,0
2025-11-23,MAT006,40,0
2025-11-30,MAT006,40,0
2025-12-07,MAT006,40,0
2025-12-14,MAT006,26,0
2025-12-21,MAT006,13,0
2025-12-28,MAT006,42,0
2026-01-04,MAT006,35,0
2026-01-11,MAT006,21,0
2026-01-18,MAT006,21,0
2026-01-25,MAT006,21,0
2026-02-01,MAT006,21,0
2026-02-08,MAT006,21,0
2026-02-15,MAT006,3,0
2026-02-22,MAT006,20,0
2026-03-01,MAT006,61,0
2026-03-08,MAT006,61,0
2026-03-15,MAT006,61,0
2026-03-22,MAT006,61,0
2026-03-29,MAT006,61,0
2026-04-05,MAT006,61,0
2026-04-12,MAT006,44,0
2026-04-19,MAT006,35,0
2026-04-26,MAT006,35,0
2026-05-03,MAT006,35,0
2026-05-10,MAT006,14,0
2026-05-17,MAT006,50,0
2026-05-24,MAT006,31,0
2026-05-31,MAT006,31,0
2026-06-07,MAT006,31,0
2026-06-14,MAT006,22,0
2026-06-21,MAT006,4,0
2026-06-28,MAT006,34,0
2026-07-05,MAT006,34,0
2026-07-12,MAT006,34,0
2026-07-19,MAT006,34,0
2026-07-26,MAT006,34,0
2026-08-02,MAT006,21,0
2026-08-09,MAT006,6,0
2026-08-16,MAT006,47,0
2026-08-23,MAT006,47,0
2026-08-30,MAT006,47,0
2026-09-06,MAT006,40,0
2026-09-13,MAT006,40,0
2024-09-22,MAT007,31,0
2024-09-29,MAT007,31,0
2024-10-06,MAT007,31,0
2024-10-13,MAT007,23,0
2024-10-20,MAT007,23,0
2024-10-27,MAT007,17,0
2024-11-03,MAT007,17,0
2024-11-10,MAT007,10,0
2024-11-17,MAT007,22,0
2024-11-24,MAT007,17,0
2024-12-01,MAT007,7,0
2024-12-08,MAT007,24,0
2024-12-15,MAT007,20,0
2024-12-22,MAT007,20,0
2024-12-29,MAT007,20,0
2025-01-05,MAT007,20,0
2025-01-12,MAT007,15,0
2025-01-19,MAT007,15,0
2025-01-26,MAT007,5,0
2025-02-02,MAT007,19,0
2025-02-09,MAT007,19,0
2025-02-16,MAT007,19,0
2025-02-23,MAT007,19,0
2025-03-02,MAT007,19,0
2025-03-09,MAT007,19,0
2025-03-16,MAT007,19,0
2025-03-23,MAT007,19,0
2025-03-30,MAT007,19,0
2025-04-06,MAT007,19,0
2025-04-13,MAT007,12,0
2025-04-20,MAT007,12,0
2025-04-27,MAT007,12,0
2025-05-04,MAT007,12,0
2025-05-11,MAT007,12,0
2025-05-18,MAT007,9,0
2025-05-25,MAT007,29,0
2025-06-01,MAT007,29,0
2025-06-08,MAT007,29,0
2025-06-15,MAT007,29,0
2025-06-22,MAT007,25,0
2025-06-29,MAT007,25,0
2025-07-06,MAT007,15,0
2025-07-13,MAT007,9,0
2025-07-20,MAT007,30,0
2025-07-27,MAT007,27,0
2025-08-03,MAT007,27,0
2025-08-10,MAT007,27,0
2025-08-17,MAT007,27,0
2025-08-24,MAT007,16,0
2025-08-31,MAT007,16,0
2025-09-07,MAT007,12,0
2025-09-14,MAT007,12,0
2025-09-21,MAT007,8,0
2025-09-28,MAT007,27,0
2025-10-05,MAT007,24,0
2025-10-12,MAT007,24,0
2025-10-19,MAT007,24,0
2025-10-26,MAT007,24,0
2025-11-02,MAT007,24,0
2025-11-09,MAT007,24,0
2025-11-16,MAT007,24,0
2025-11-23,MAT007,24,0
2025-11-30,MAT007,19,0
2025-12-07,MAT007,13,0
2025-12-14,MAT007,10,0
2025-12-21,MAT007,31,0
2025-12-28,MAT007,31,0
2026-01-04,MAT007,25,0
2026-01-11,MAT007,25,0
2026-01-18,MAT007,25,0
2026-01-25,MAT007,25,0
2026-02-01,MAT007,21,0
2026-02-08,MAT007,14,0
2026-02-15,MAT007,14,0
2026-02-22,MAT007,14,0
2026-03-01,MAT007,14,0
2026-03-08,MAT007,4,0
2026-03-15,MAT007,24,0
2026-03-22,MAT007,24,0
2026-03-29,MAT007,24,0
2026-04-05,MAT007,24,0
2026-04-12,MAT007,24,0
2026-04-19,MAT007,24,0
2026-04-26,MAT007,24,0
2026-05-03,MAT007,24,0
2026-05-10,MAT007,20,0
2026-05-17,MAT007,20,0
2026-05-24,MAT007,20,0
2026-05-31,MAT007,13,0
2026-06-07,MAT007,13,0
2026-06-14,MAT007,13,0
2026-06-21,MAT007,4,0
2026-06-28,MAT007,18,0
2026-07-05,MAT007,18,0
2026-07-12,MAT007,18,0
2026-07-19,MAT007,18,0
2026-07-26,MAT007,15,0
2026-08-02,MAT007,15,0
2026-08-09,MAT007,15,0
2026-08-16,MAT007,15,0
2026-08-23,MAT007,15,0
2026-08-30,MAT007,15,0
2026-09-06,MAT007,15,0
2026-09-13,MAT007,15,0
2024-09-22,MAT008,26,0
2024-09-29,MAT008,14,0
2024-10-06,MAT008,33,0
2024-10-13,MAT008,21,0
2024-10-20,MAT008,11,0
2024-10-27,MAT008,33,0
2024-11-03,MAT008,25,0
2024-11-10,MAT008,18,0
2024-11-17,MAT008,8,0
2024-11-24,MAT008,29,0
2024-12-01,MAT008,20,0
2024-12-08,MAT008,9,0
2024-12-15,MAT008,37,0
2024-12-22,MAT008,32,0
2024-12-29,MAT008,20,0
2025-01-05,MAT008,15,0
2025-01-12,MAT008,40,0
2025-01-19,MAT008,33,0
2025-01-26,MAT008,27,0
2025-02-02,MAT008,22,0
2025-02-09,MAT008,15,0
2025-02-16,MAT008,45,0
2025-02-23,MAT008,40,0
2025-03-02,MAT008,33,0
2025-03-09,MAT008,31,0
2025-03-16,MAT008,22,0
2025-03-23,MAT008,19,0
2025-03-30,MAT008,17,0
2025-04-06,MAT008,48,0
2025-04-13,MAT008,39,0
2025-04-20,MAT008,34,0
2025-04-27,MAT008,25,0
2025-05-04,MAT008,17,0
2025-05-11,MAT008,44,0
2025-05-18,MAT008,39,0
2025-05-25,MAT008,30,0
2025-06-01,MAT008,18,0
2025-06-08,MAT008,11,0
2025-06-15,MAT008,41,0
2025-06-22,MAT008,33,0
2025-06-29,MAT008,24,0
2025-07-06,MAT008,12,0
2025-07-13,MAT008,34,0
2025-07-20,MAT008,25,0
2025-07-27,MAT008,18,0
2025-08-03,MAT008,7,0
2025-08-10,MAT008,28,0
2025-08-17,MAT008,20,0
2025-08-24,MAT008,11,0
2025-08-31,MAT008,28,0
2025-09-07,MAT008,18,0
2025-09-14,MAT008,4,0
2025-09-21,MAT008,32,0
2025-09-28,MAT008,19,0
2025-10-05,MAT008,8,0
2025-10-12,MAT008,27,0
2025-10-19,MAT008,12,0
2025-10-26,MAT008,34,0
2025-11-02,MAT008,20,0
2025-11-09,MAT008,13,0
2025-11-16,MAT008,45,0
2025-11-23,MAT008,37,0
2025-11-30,MAT008,28,0
2025-12-07,MAT008,17,0
2025-12-14,MAT008,48,0
2025-12-21,MAT008,43,0
2025-12-28,MAT008,40,0
2026-01-04,MAT008,30,0
2026-01-11,MAT008,23,0
2026-01-18,MAT008,13,0
2026-01-25,MAT008,41,0
2026-02-01,MAT008,36,0
2026-02-08,MAT008,30,0
2026-02-15,MAT008,23,0
2026-02-22,MAT008,17,0
2026-03-01,MAT008,49,0
2026-03-08,MAT008,36,0
2026-03-15,MAT008,29,0
2026-03-22,MAT008,24,0
2026-03-29,MAT008,17,0
2026-04-05,MAT008,47,0
2026-04-12,MAT008,39,0
2026-04-19,MAT008,32,0
2026-04-26,MAT008,26,0
2026-05-03,MAT008,20,0
2026-05-10,MAT008,16,0
2026-05-17,MAT008,45,0
2026-05-24,MAT008,34,0
2026-05-31,MAT008,25,0
2026-06-07,MAT008,20,0
2026-06-14,MAT008,5,0
2026-06-21,MAT008,24,0
2026-06-28,MAT008,17,0
2026-07-05,MAT008,47,0
2026-07-12,MAT008,34,0
2026-07-19,MAT008,28,0
2026-07-26,MAT008,13,0
2026-08-02,MAT008,48,0
2026-08-09,MAT008,44,0
2026-08-16,MAT008,36,0
2026-08-23,MAT008,26,0
2026-08-30,MAT008,8,0
2026-09-06,MAT008,36,0
2026-09-13,MAT008,35,0
2024-09-22,MAT009,95,0
2024-09-29,MAT009,72,0
2024-10-06,MAT009,54,0
2024-10-13,MAT009,36,0
2024-10-20,MAT009,100,0
2024-10-27,MAT009,77,0
2024-11-03,MAT009,56,0
2024-11-10,MAT009,35,0
2024-11-17,MAT009,107,0
2024-11-24,MAT009,78,0
2024-12-01,MAT009,49,0
2024-12-08,MAT009,31,0
2024-12-15,MAT009,97,0
2024-12-22,MAT009,66,0
2024-12-29,MAT009,48,0
2025-01-05,MAT009,24,0
2025-01-12,MAT009,91,0
2025-01-19,MAT009,73,0
2025-01-26,MAT009,63,0
2025-02-02,MAT009,46,0
2025-02-09,MAT009,28,0
2025-02-16,MAT009,99,0
2025-02-23,MAT009,78,0
2025-03-02,MAT009,50,0
2025-03-09,MAT009,28,0
2025-03-16,MAT009,91,0
2025-03-23,MAT009,73,0
2025-03-30,MAT009,52,0
2025-04-06,MAT009,19,0
2025-04-13,MAT009,85,0
2025-04-20,MAT009,63,0
2025-04-27,MAT009,40,0
2025-05-04,MAT009,101,0
2025-05-11,MAT009,73,0
2025-05-18,MAT009,46,0
2025-05-25,MAT009,25,0
2025-06-01,MAT009,93,0
2025-06-08,MAT009,71,0
2025-06-15,MAT009,36,0
2025-06-22,MAT009,91,0
2025-06-29,MAT009,69,0
2025-07-06,MAT009,45,0
2025-07-13,MAT009,3,0
2025-07-20,MAT009,49,0
2025-07-27,MAT009,27,0
2025-08-03,MAT009,83,0
2025-08-10,MAT009,53,0
2025-08-17,MAT009,15,0
2025-08-24,MAT009,76,0
2025-08-31,MAT009,53,0
2025-09-07,MAT009,19,0
2025-09-14,MAT009,72,0
2025-09-21,MAT009,41,0
2025-09-28,MAT009,102,0
2025-10-05,MAT009,65,0
2025-10-12,MAT009,34,0
2025-10-19,MAT009,93,0
2025-10-26,MAT009,63,0
2025-11-02,MAT009,34,0
2025-11-09,MAT009,93,0
2025-11-16,MAT009,68,0
2025-11-23,MAT009,46,0
2025-11-30,MAT009,16,0
2025-12-07,MAT009,81,0
2025-12-14,MAT009,51,0
2025-12-21,MAT009,20,0
2025-12-28,MAT009,78,0
2026-01-04,MAT009,59,0
2026-01-11,MAT009,29,0
2026-01-18,MAT009,97,0
2026-01-25,MAT009,73,0
2026-02-01,MAT009,56,0
2026-02-08,MAT009,30,0
2026-02-15,MAT009,81,0
2026-02-22,MAT009,56,0
2026-03-01,MAT009,31,0
2026-03-08,MAT009,92,0
2026-03-15,MAT009,64,0
2026-03-22,MAT009,28,0
2026-03-29,MAT009,93,0
2026-04-05,MAT009,62,0
2026-04-12,MAT009,36,0
2026-04-19,MAT009,100,0
2026-04-26,MAT009,57,0
2026-05-03,MAT009,29,0
2026-05-10,MAT009,74,0
2026-05-17,MAT009,48,0
2026-05-24,MAT009,12,0
2026-05-31,MAT009,57,0
2026-06-07,MAT009,23,0
2026-06-14,MAT009,70,0
2026-06-21,MAT009,21,0
2026-06-28,MAT009,70,0
2026-07-05,MAT009,20,0
2026-07-12,MAT009,72,0
2026-07-19,MAT009,39,0
2026-07-26,MAT009,105,0
2026-08-02,MAT009,61,0
2026-08-09,MAT009,29,0
2026-08-16,MAT009,83,0
2026-08-23,MAT009,38,0
2026-08-30,MAT009,89,0
2026-09-06,MAT009,59,0
2026-09-13,MAT009,28,0
2024-09-22,MAT010,55,0
2024-09-29,MAT010,21,119
2024-10-06,MAT010,0,119
2024-10-13,MAT010,88,0
2024-10-20,MAT010,63,119
2024-10-27,MAT010,27,119
2024-11-03,MAT010,110,0
2024-11-10,MAT010,76,119
2024-11-17,MAT010,48,119
2024-11-24,MAT010,140,0
2024-12-01,MAT010,118,0
2024-12-08,MAT010,91,119
2024-12-15,MAT010,63,119
2024-12-22,MAT010,149,0
2024-12-29,MAT010,125,0
2025-01-05,MAT010,86,0
2025-01-12,MAT010,55,119
2025-01-19,MAT010,42,119
2025-01-26,MAT010,128,0
2025-02-02,MAT010,98,0
2025-02-09,MAT010,67,119
2025-02-16,MAT010,41,119
2025-02-23,MAT010,133,0
2025-03-02,MAT010,101,0
2025-03-09,MAT010,72,119
2025-03-16,MAT010,54,119
2025-03-23,MAT010,149,0
2025-03-30,MAT010,126,0
2025-04-06,MAT010,90,0
2025-04-13,MAT010,69,119
2025-04-20,MAT010,27,119
2025-04-27,MAT010,117,0
2025-05-04,MAT010,95,119
2025-05-11,MAT010,64,119
2025-05-18,MAT010,160,0
2025-05-25,MAT010,126,0
2025-06-01,MAT010,86,0
2025-06-08,MAT010,52,119
2025-06-15,MAT010,24,119
2025-06-22,MAT010,114,0
2025-06-29,MAT010,77,119
2025-07-06,MAT010,42,119
2025-07-13,MAT010,137,0
2025-07-20,MAT010,114,0
2025-07-27,MAT010,95,119
2025-08-03,MAT010,50,119
2025-08-10,MAT010,129,0
2025-08-17,MAT010,91,0
2025-08-24,MAT010,57,119
2025-08-31,MAT010,19,119
2025-09-07,MAT010,102,0
2025-09-14,MAT010,66,119
2025-09-21,MAT010,34,119
2025-09-28,MAT010,130,0
2025-10-05,MAT010,89,0
2025-10-12,MAT010,51,119
2025-10-19,MAT010,23,119
2025-10-26,MAT010,112,0
2025-11-02,MAT010,79,119
2025-11-09,MAT010,60,119
2025-11-16,MAT010,146,0
2025-11-23,MAT010,116,0
2025-11-30,MAT010,98,119
2025-12-07,MAT010,56,119
2025-12-14,MAT010,147,0
2025-12-21,MAT010,107,0
2025-12-28,MAT010,70,119
2026-01-04,MAT010,39,119
2026-01-11,MAT010,130,0
2026-01-18,MAT010,106,0
2026-01-25,MAT010,89,119
2026-02-01,MAT010,56,119
2026-02-08,MAT010,141,0
2026-02-15,MAT010,121,0
2026-02-22,MAT010,79,0
2026-03-01,MAT010,58,119
2026-03-08,MAT010,25,119
2026-03-15,MAT010,114,0
2026-03-22,MAT010,83,119
2026-03-29,MAT010,38,119
2026-04-05,MAT010,112,0
2026-04-12,MAT010,88,119
2026-04-19,MAT010,55,119
2026-04-26,MAT010,148,0
2026-05-03,MAT010,100,0
2026-05-10,MAT010,59,119
2026-05-17,MAT010,18,119
2026-05-24,MAT010,102,0
2026-05-31,MAT010,76,119
2026-06-07,MAT010,45,119
2026-06-14,MAT010,126,0
2026-06-21,MAT010,98,0
2026-06-28,MAT010,75,119
2026-07-05,MAT010,30,119
2026-07-12,MAT010,114,0
2026-07-19,MAT010,85,119
2026-07-26,MAT010,45,119
2026-08-02,MAT010,147,0
2026-08-09,MAT010,119,0
2026-08-16,MAT010,79,119
2026-08-23,MAT010,47,119
2026-08-30,MAT010,134,0
2026-09-06,MAT010,104,0
2026-09-13,MAT010,77,119
2024-09-22,MAT011,178,0
2024-09-29,MAT011,122,0
2024-10-06,MAT011,349,0
2024-10-13,MAT011,305,0
2024-10-20,MAT011,260,0
2024-10-27,MAT011,221,0
2024-11-03,MAT011,165,0
2024-11-10,MAT011,103,0
2024-11-17,MAT011,319,0
2024-11-24,MAT011,279,0
2024-12-01,MAT011,234,0
2024-12-08,MAT011,174,0
2024-12-15,MAT011,114,0
2024-12-22,MAT011,321,0
2024-12-29,MAT011,254,0
2025-01-05,MAT011,188,0
2025-01-12,MAT011,114,0
2025-01-19,MAT011,311,0
2025-01-26,MAT011,235,0
2025-02-02,MAT011,171,0
2025-02-09,MAT011,80,0
2025-02-16,MAT011,278,0
2025-02-23,MAT011,226,0
2025-03-02,MAT011,172,0
2025-03-09,MAT011,76,0
2025-03-16,MAT011,264,0
2025-03-23,MAT011,186,0
2025-03-30,MAT011,131,0
2025-04-06,MAT011,309,0
2025-04-13,MAT011,209,0
2025-04-20,MAT011,112,0
2025-04-27,MAT011,288,0
2025-05-04,MAT011,198,0
2025-05-11,MAT011,144,0
2025-05-18,MAT011,35,0
2025-05-25,MAT011,224,0
2025-06-01,MAT011,151,0
2025-06-08,MAT011,62,0
2025-06-15,MAT011,265,0
2025-06-22,MAT011,200,0
2025-06-29,MAT011,161,0
2025-07-06,MAT011,84,0
2025-07-13,MAT011,283,0
2025-07-20,MAT011,216,0
2025-07-27,MAT011,139,0
2025-08-03,MAT011,78,0
2025-08-10,MAT011,273,0
2025-08-17,MAT011,226,0
2025-08-24,MAT011,153,0
2025-08-31,MAT011,91,0
2025-09-07,MAT011,303,0
2025-09-14,MAT011,232,0
2025-09-21,MAT011,181,0
2025-09-28,MAT011,137,0
2025-10-05,MAT011,86,0
2025-10-12,MAT011,312,0
2025-10-19,MAT011,256,0
2025-10-26,MAT011,216,0
2025-11-02,MAT011,164,0
2025-11-09,MAT011,114,0
2025-11-16,MAT011,339,0
2025-11-23,MAT011,284,0
2025-11-30,MAT011,244,0
2025-12-07,MAT011,195,0
2025-12-14,MAT011,139,0
2025-12-21,MAT011,86,0
2025-12-28,MAT011,307,0
2026-01-04,MAT011,239,0
2026-01-11,MAT011,156,0
2026-01-18,MAT011,83,0
2026-01-25,MAT011,300,0
2026-02-01,MAT011,251,0
2026-02-08,MAT011,199,0
2026-02-15,MAT011,143,0
2026-02-22,MAT011,72,0
2026-03-01,MAT011,257,0
2026-03-08,MAT011,170,0
2026-03-15,MAT011,79,0
2026-03-22,MAT011,274,0
2026-03-29,MAT011,181,0
2026-04-05,MAT011,81,0
2026-04-12,MAT011,241,0
2026-04-19,MAT011,147,0
2026-04-26,MAT011,44,0
2026-05-03,MAT011,191,0
2026-05-10,MAT011,94,0
2026-05-17,MAT011,263,0
2026-05-24,MAT011,163,0
2026-05-31,MAT011,87,0
2026-06-07,MAT011,282,0
2026-06-14,MAT011,202,0
2026-06-21,MAT011,123,0
2026-06-28,MAT011,310,0
2026-07-05,MAT011,243,0
2026-07-12,MAT011,188,0
2026-07-19,MAT011,132,0
2026-07-26,MAT011,341,0
2026-08-02,MAT011,266,0
2026-08-09,MAT011,195,0
2026-08-16,MAT011,111,0
2026-08-23,MAT011,313,0
2026-08-30,MAT011,245,0
2026-09-06,MAT011,184,0
2026-09-13,MAT011,129,0
2024-09-22,MAT012,28,0
2024-09-29,MAT012,17,32
2024-10-06,MAT012,17,32
2024-10-13,MAT012,50,0
2024-10-20,MAT012,50,0
2024-10-27,MAT012,50,0
2024-11-03,MAT012,50,0
2024-11-10,MAT012,50,0
2024-11-17,MAT012,50,0
2024-11-24,MAT012,50,0
2024-12-01,MAT012,50,0
2024-12-08,MAT012,50,0
2024-12-15,MAT012,50,0
2024-12-22,MAT012,44,0
2024-12-29,MAT012,36,0
2025-01-05,MAT012,27,0
2025-01-12,MAT012,17,32
2025-01-19,MAT012,12,32
2025-01-26,MAT012,44,0
2025-02-02,MAT012,44,0
2025-02-09,MAT012,44,0
2025-02-16,MAT012,44,0
2025-02-23,MAT012,44,0
2025-03-02,MAT012,44,0
2025-03-09,MAT012,44,0
2025-03-16,MAT012,44,0
2025-03-23,MAT012,44,0
2025-03-30,MAT012,44,0
2025-04-06,MAT012,44,0
2025-04-13,MAT012,35,0
2025-04-20,MAT012,35,0
2025-04-27,MAT012,35,0
2025-05-04,MAT012,35,0
2025-05-11,MAT012,35,0
2025-05-18,MAT012,30,0
2025-05-25,MAT012,30,32
2025-06-01,MAT012,20,32
2025-06-08,MAT012,53,0
2025-06-15,MAT012,40,0
2025-06-22,MAT012,40,0
2025-06-29,MAT012,29,0
2025-07-06,MAT012,29,32
2025-07-13,MAT012,14,32
2025-07-20,MAT012,46,0
2025-07-27,MAT012,40,0
2025-08-03,MAT012,40,0
2025-08-10,MAT012,40,0
2025-08-17,MAT012,40,0
2025-08-24,MAT012,17,0
2025-08-31,MAT012,17,32
2025-09-07,MAT012,9,32
2025-09-14,MAT012,21,0
2025-09-21,MAT012,21,32
2025-09-28,MAT012,21,32
2025-10-05,MAT012,54,0
2025-10-12,MAT012,54,0
2025-10-19,MAT012,54,0
2025-10-26,MAT012,54,0
2025-11-02,MAT012,45,0
2025-11-09,MAT012,44,0
2025-11-16,MAT012,44,0
2025-11-23,MAT012,20,0
2025-11-30,MAT012,11,32
2025-12-07,MAT012,0,32
2025-12-14,MAT012,32,0
2025-12-21,MAT012,32,0
2025-12-28,MAT012,32,0
2026-01-04,MAT012,32,0
2026-01-11,MAT012,32,0
2026-01-18,MAT012,17,0
2026-01-25,MAT012,17,32
2026-02-01,MAT012,17,32
2026-02-08,MAT012,50,0
2026-02-15,MAT012,50,0
2026-02-22,MAT012,50,0
2026-03-01,MAT012,50,0
2026-03-08,MAT012,50,0
2026-03-15,MAT012,50,0
2026-03-22,MAT012,32,0
2026-03-29,MAT012,32,32
2026-04-05,MAT012,32,32
2026-04-12,MAT012,64,0
2026-04-19,MAT012,52,0
2026-04-26,MAT012,42,0
2026-05-03,MAT012,42,0
2026-05-10,MAT012,42,0
2026-05-17,MAT012,42,0
2026-05-24,MAT012,31,0
2026-05-31,MAT012,31,32
2026-06-07,MAT012,31,32
2026-06-14,MAT012,64,0
2026-06-21,MAT012,48,0
2026-06-28,MAT012,48,0
2026-07-05,MAT012,40,0
2026-07-12,MAT012,29,0
2026-07-19,MAT012,19,32
2026-07-26,MAT012,9,32
2026-08-02,MAT012,23,0
2026-08-09,MAT012,23,32
2026-08-16,MAT012,23,32
2026-08-23,MAT012,56,0
2026-08-30,MAT012,56,0
2026-09-06,MAT012,56,0
2026-09-13,MAT012,56,0
2024-09-22,MAT013,80,0
2024-09-29,MAT013,57,108
2024-10-06,MAT013,136,0
2024-10-13,MAT013,107,0
2024-10-20,MAT013,79,0
2024-10-27,MAT013,48,108
2024-11-03,MAT013,109,0
2024-11-10,MAT013,82,0
2024-11-17,MAT013,58,0
2024-11-24,MAT013,19,108
2024-12-01,MAT013,94,0
2024-12-08,MAT013,66,0
2024-12-15,MAT013,39,108
2024-12-22,MAT013,124,0
2024-12-29,MAT013,103,0
2025-01-05,MAT013,78,0
2025-01-12,MAT013,61,108
2025-01-19,MAT013,136,0
2025-01-26,MAT013,107,0
2025-02-02,MAT013,74,0
2025-02-09,MAT013,43,108
2025-02-16,MAT013,119,0
2025-02-23,MAT013,103,0
2025-03-02,MAT013,75,0
2025-03-09,MAT013,51,108
2025-03-16,MAT013,132,0
2025-03-23,MAT013,113,0
2025-03-30,MAT013,85,0
2025-04-06,MAT013,67,0
2025-04-13,MAT013,46,108
2025-04-20,MAT013,120,0
2025-04-27,MAT013,85,0
2025-05-04,MAT013,54,0
2025-05-11,MAT013,26,108
2025-05-18,MAT013,100,0
2025-05-25,MAT013,79,0
2025-06-01,MAT013,62,108
2025-06-08,MAT013,155,0
2025-06-15,MAT013,128,0
2025-06-22,MAT013,105,0
2025-06-29,MAT013,88,0
2025-07-06,MAT013,76,0
2025-07-13,MAT013,57,108
2025-07-20,MAT013,139,0
2025-07-27,MAT013,115,0
2025-08-03,MAT013,74,0
2025-08-10,MAT013,47,108
2025-08-17,MAT013,134,0
2025-08-24,MAT013,105,0
2025-08-31,MAT013,65,0
2025-09-07,MAT013,38,108
2025-09-14,MAT013,115,0
2025-09-21,MAT013,87,0
2025-09-28,MAT013,60,0
2025-10-05,MAT013,34,108
2025-10-12,MAT013,107,0
2025-10-19,MAT013,79,0
2025-10-26,MAT013,59,108
2025-11-02,MAT013,151,0
2025-11-09,MAT013,129,0
2025-11-16,MAT013,112,0
2025-11-23,MAT013,94,0
2025-11-30,MAT013,66,0
2025-12-07,MAT013,46,108
2025-12-14,MAT013,124,0
2025-12-21,MAT013,95,0
2025-12-28,MAT013,71,0
2026-01-04,MAT013,48,108
2026-01-11,MAT013,135,0
2026-01-18,MAT013,120,0
2026-01-25,MAT013,93,0
2026-02-01,MAT013,64,0
2026-02-08,MAT013,46,108
2026-02-15,MAT013,132,0
2026-02-22,MAT013,107,0
2026-03-01,MAT013,87,0
2026-03-08,MAT013,52,0
2026-03-15,MAT013,25,108
2026-03-22,MAT013,105,0
2026-03-29,MAT013,78,0
2026-04-05,MAT013,72,108
2026-04-12,MAT013,161,0
2026-04-19,MAT013,135,0
2026-04-26,MAT013,109,0
2026-05-03,MAT013,81,0
2026-05-10,MAT013,50,0
2026-05-17,MAT013,23,108
2026-05-24,MAT013,102,0
2026-05-31,MAT013,77,0
2026-06-07,MAT013,49,108
2026-06-14,MAT013,126,0
2026-06-21,MAT013,99,0
2026-06-28,MAT013,74,0
2026-07-05,MAT013,50,108
2026-07-12,MAT013,137,0
2026-07-19,MAT013,119,0
2026-07-26,MAT013,92,0
2026-08-02,MAT013,68,0
2026-08-09,MAT013,34,108
2026-08-16,MAT013,123,0
2026-08-23,MAT013,110,0
2026-08-30,MAT013,85,0
2026-09-06,MAT013,80,0
2026-09-13,MAT013,60,108
2024-09-22,MAT014,26,0
2024-09-29,MAT014,22,0
2024-10-06,MAT014,22,25
2024-10-13,MAT014,15,25
2024-10-20,MAT014,34,0
2024-10-27,MAT014,26,0
2024-11-03,MAT014,26,0
2024-11-10,MAT014,26,0
2024-11-17,MAT014,26,0
2024-11-24,MAT014,26,0
2024-12-01,MAT014,18,0
2024-12-08,MAT014,18,25
2024-12-15,MAT014,18,25
2024-12-22,MAT014,38,0
2024-12-29,MAT014,38,0
2025-01-05,MAT014,36,0
2025-01-12,MAT014,36,0
2025-01-19,MAT014,36,0
2025-01-26,MAT014,36,0
2025-02-02,MAT014,28,0
2025-02-09,MAT014,28,0
2025-02-16,MAT014,27,0
2025-02-23,MAT014,19,0
2025-03-02,MAT014,19,25
2025-03-09,MAT014,19,25
2025-03-16,MAT014,44,0
2025-03-23,MAT014,33,0
2025-03-30,MAT014,33,0
2025-04-06,MAT014,28,0
2025-04-13,MAT014,23,0
2025-04-20,MAT014,18,25
2025-04-27,MAT014,13,25
2025-05-04,MAT014,33,0
2025-05-11,MAT014,33,0
2025-05-18,MAT014,25,0
2025-05-25,MAT014,25,25
2025-06-01,MAT014,25,25
2025-06-08,MAT014,49,0
2025-06-15,MAT014,40,0
2025-06-22,MAT014,26,0
2025-06-29,MAT014,17,0
2025-07-06,MAT014,6,25
2025-07-13,MAT014,2,25
2025-07-20,MAT014,17,0
2025-07-27,MAT014,11,25
2025-08-03,MAT014,11,25
2025-08-10,MAT014,35,0
2025-08-17,MAT014,35,0
2025-08-24,MAT014,35,0
2025-08-31,MAT014,30,0
2025-09-07,MAT014,21,0
2025-09-14,MAT014,21,25
2025-09-21,MAT014,21,25
2025-09-28,MAT014,46,0
2025-10-05,MAT014,39,0
2025-10-12,MAT014,39,0
2025-10-19,MAT014,39,0
2025-10-26,MAT014,39,0
2025-11-02,MAT014,39,0
2025-11-09,MAT014,29,0
2025-11-16,MAT014,25,0
2025-11-23,MAT014,16,0
2025-11-30,MAT014,14,25
2025-12-07,MAT014,5,25
2025-12-14,MAT014,25,0
2025-12-21,MAT014,25,0
2025-12-28,MAT014,25,0
2026-01-04,MAT014,25,0
2026-01-11,MAT014,23,0
2026-01-18,MAT014,15,25
2026-01-25,MAT014,3,25
2026-02-01,MAT014,24,0
2026-02-08,MAT014,24,25
2026-02-15,MAT014,17,25
2026-02-22,MAT014,42,0
2026-03-01,MAT014,31,0
2026-03-08,MAT014,31,0
2026-03-15,MAT014,27,0
2026-03-22,MAT014,27,0
2026-03-29,MAT014,27,0
2026-04-05,MAT014,27,0
2026-04-12,MAT014,27,0
2026-04-19,MAT014,17,0
2026-04-26,MAT014,17,25
2026-05-03,MAT014,14,25
2026-05-10,MAT014,32,0
2026-05-17,MAT014,25,0
2026-05-24,MAT014,25,0
2026-05-31,MAT014,25,0
2026-06-07,MAT014,16,0
2026-06-14,MAT014,16,25
2026-06-21,MAT014,16,25
2026-06-28,MAT014,32,0
2026-07-05,MAT014,32,0
2026-07-12,MAT014,21,0
2026-07-19,MAT014,21,25
2026-07-26,MAT014,21,25
2026-08-02,MAT014,46,0
2026-08-09,MAT014,40,0
2026-08-16,MAT014,40,0
2026-08-23,MAT014,32,0
2026-08-30,MAT014,29,0
2026-09-06,MAT014,27,0
2026-09-13,MAT014,27,0
2024-09-22,MAT015,47,0
2024-09-29,MAT015,27,0
2024-10-06,MAT015,59,0
2024-10-13,MAT015,40,0
2024-10-20,MAT015,24,0
2024-10-27,MAT015,67,0
2024-11-03,MAT015,51,0
2024-11-10,MAT015,34,0
2024-11-17,MAT015,14,0
2024-11-24,MAT015,53,0
2024-12-01,MAT015,34,0
2024-12-08,MAT015,17,0
2024-12-15,MAT015,60,0
2024-12-22,MAT015,45,0
2024-12-29,MAT015,29,0
2025-01-05,MAT015,67,0
2025-01-12,MAT015,47,0
2025-01-19,MAT015,38,0
2025-01-26,MAT015,23,0
2025-02-02,MAT015,62,0
2025-02-09,MAT015,52,0
2025-02-16,MAT015,34,0
2025-02-23,MAT015,21,0
2025-03-02,MAT015,67,0
2025-03-09,MAT015,58,0
2025-03-16,MAT015,47,0
2025-03-23,MAT015,41,0
2025-03-30,MAT015,30,0
2025-04-06,MAT015,19,0
2025-04-13,MAT015,64,0
2025-04-20,MAT015,56,0
2025-04-27,MAT015,43,0
2025-05-04,MAT015,35,0
2025-05-11,MAT015,23,0
2025-05-18,MAT015,71,0
2025-05-25,MAT015,63,0
2025-06-01,MAT015,54,0
2025-06-08,MAT015,43,0
2025-06-15,MAT015,29,0
2025-06-22,MAT015,76,0
2025-06-29,MAT015,59,0
2025-07-06,MAT015,45,0
2025-07-13,MAT015,37,0
2025-07-20,MAT015,22,0
2025-07-27,MAT015,67,0
2025-08-03,MAT015,53,0
2025-08-10,MAT015,37,0
2025-08-17,MAT015,33,0
2025-08-24,MAT015,18,0
2025-08-31,MAT015,61,0
2025-09-07,MAT015,45,0
2025-09-14,MAT015,27,0
2025-09-21,MAT015,75,0
2025-09-28,MAT015,66,0
2025-10-05,MAT015,45,0
2025-10-12,MAT015,30,0
2025-10-19,MAT015,4,0
2025-10-26,MAT015,46,0
2025-11-02,MAT015,27,0
2025-11-09,MAT015,65,0
2025-11-16,MAT015,52,0
2025-11-23,MAT015,34,0
2025-11-30,MAT015,11,0
2025-12-07,MAT015,55,0
2025-12-14,MAT015,43,0
2025-12-21,MAT015,31,0
2025-12-28,MAT015,12,0
2026-01-04,MAT015,59,0
2026-01-11,MAT015,42,0
2026-01-18,MAT015,26,0
2026-01-25,MAT015,71,0
2026-02-01,MAT015,63,0
2026-02-08,MAT015,50,0
2026-02-15,MAT015,39,0
2026-02-22,MAT015,24,0
2026-03-01,MAT015,68,0
2026-03-08,MAT015,57,0
2026-03-15,MAT015,46,0
2026-03-22,MAT015,32,0
2026-03-29,MAT015,20,0
2026-04-05,MAT015,65,0
2026-04-12,MAT015,55,0
2026-04-19,MAT015,43,0
2026-04-26,MAT015,34,0
2026-05-03,MAT015,25,0
2026-05-10,MAT015,74,0
2026-05-17,MAT015,68,0
2026-05-24,MAT015,55,0
2026-05-31,MAT015,44,0
2026-06-07,MAT015,32,0
2026-06-14,MAT015,15,0
2026-06-21,MAT015,61,0
2026-06-28,MAT015,52,0
2026-07-05,MAT015,37,0
2026-07-12,MAT015,26,0
2026-07-19,MAT015,75,0
2026-07-26,MAT015,59,0
2026-08-02,MAT015,52,0
2026-08-09,MAT015,41,0
2026-08-16,MAT015,20,0
2026-08-23,MAT015,62,0
2026-08-30,MAT015,46,0
2026-09-06,MAT015,35,0
2026-09-13,MAT015,19,0
2024-09-22,MAT016,57,0
2024-09-29,MAT016,28,0
2024-10-06,MAT016,89,0
2024-10-13,MAT016,68,0
2024-10-20,MAT016,57,0
2024-10-27,MAT016,37,0
2024-11-03,MAT016,103,0
2024-11-10,MAT016,82,0
2024-11-17,MAT016,61,0
2024-11-24,MAT016,42,0
2024-12-01,MAT016,98,0
2024-12-08,MAT016,69,0
2024-12-15,MAT016,49,0
2024-12-22,MAT016,35,0
2024-12-29,MAT016,103,0
2025-01-05,MAT016,80,0
2025-01-12,MAT016,68,0
2025-01-19,MAT016,54,0
2025-01-26,MAT016,27,0
2025-02-02,MAT016,87,0
2025-02-09,MAT016,61,0
2025-02-16,MAT016,37,0
2025-02-23,MAT016,107,0
2025-03-02,MAT016,87,0
2025-03-09,MAT016,62,0
2025-03-16,MAT016,36,0
2025-03-23,MAT016,107,0
2025-03-30,MAT016,81,0
2025-04-06,MAT016,60,0
2025-04-13,MAT016,39,0
2025-04-20,MAT016,99,0
2025-04-27,MAT016,82,0
2025-05-04,MAT016,60,0
2025-05-11,MAT016,44,0
2025-05-18,MAT016,16,0
2025-05-25,MAT016,80,0
2025-06-01,MAT016,64,0
2025-06-08,MAT016,35,0
2025-06-15,MAT016,99,0
2025-06-22,MAT016,76,0
2025-06-29,MAT016,52,0
2025-07-06,MAT016,34,0
2025-07-13,MAT016,90,0
2025-07-20,MAT016,59,0
2025-07-27,MAT016,39,0
2025-08-03,MAT016,105,0
2025-08-10,MAT016,82,0
2025-08-17,MAT016,57,0
2025-08-24,MAT016,38,0
2025-08-31,MAT016,106,0
2025-09-07,MAT016,90,0
2025-09-14,MAT016,67,0
2025-09-21,MAT016,54,0
2025-09-28,MAT016,25,0
2025-10-05,MAT016,85,0
2025-10-12,MAT016,61,0
2025-10-19,MAT016,44,0
2025-10-26,MAT016,29,0
2025-11-02,MAT016,90,0
2025-11-09,MAT016,66,0
2025-11-16,MAT016,36,0
2025-11-23,MAT016,95,0
2025-11-30,MAT016,77,0
2025-12-07,MAT016,59,0
2025-12-14,MAT016,29,0
2025-12-21,MAT016,100,0
2025-12-28,MAT016,85,0
2026-01-04,MAT016,72,0
2026-01-11,MAT016,49,0
2026-01-18,MAT016,22,0
2026-01-25,MAT016,90,0
2026-02-01,MAT016,70,0
2026-02-08,MAT016,49,0
2026-02-15,MAT016,26,0
2026-02-22,MAT016,94,0
2026-03-01,MAT016,70,0
2026-03-08,MAT016,56,0
2026-03-15,MAT016,34,0
2026-03-22,MAT016,100,0
2026-03-29,MAT016,79,0
2026-04-05,MAT016,58,0
2026-04-12,MAT016,36,0
2026-04-19,MAT016,101,0
2026-04-26,MAT016,89,0
2026-05-03,MAT016,60,0
2026-05-10,MAT016,37,0
2026-05-17,MAT016,99,0
2026-05-24,MAT016,69,0
2026-05-31,MAT016,58,0
2026-06-07,MAT016,45,0
2026-06-14,MAT016,22,0
2026-06-21,MAT016,86,0
2026-06-28,MAT016,64,0
2026-07-05,MAT016,41,0
2026-07-12,MAT016,103,0
2026-07-19,MAT016,85,0
2026-07-26,MAT016,66,0
2026-08-02,MAT016,44,0
2026-08-09,MAT016,13,0
2026-08-16,MAT016,81,0
2026-08-23,MAT016,57,0
2026-08-30,MAT016,37,0
2026-09-06,MAT016,89,0
2026-09-13,MAT016,78,0
2024-09-22,MAT017,51,0
2024-09-29,MAT017,137,0
2024-10-06,MAT017,108,0
2024-10-13,MAT017,76,0
2024-10-20,MAT017,60,0
2024-10-27,MAT017,37,0
2024-11-03,MAT017,112,0
2024-11-10,MAT017,64,0
2024-11-17,MAT017,36,0
2024-11-24,MAT017,130,0
2024-12-01,MAT017,106,0
2024-12-08,MAT017,91,0
2024-12-15,MAT017,59,0
2024-12-22,MAT017,28,0
2024-12-29,MAT017,102,0
2025-01-05,MAT017,73,0
2025-01-12,MAT017,39,0
2025-01-19,MAT017,117,0
2025-01-26,MAT017,88,0
2025-02-02,MAT017,58,0
2025-02-09,MAT017,31,0
2025-02-16,MAT017,103,0
2025-02-23,MAT017,69,0
2025-03-02,MAT017,41,0
2025-03-09,MAT017,124,0
2025-03-16,MAT017,98,0
2025-03-23,MAT017,78,0
2025-03-30,MAT017,51,0
2025-04-06,MAT017,128,0
2025-04-13,MAT017,107,0
2025-04-20,MAT017,90,0
2025-04-27,MAT017,66,0
2025-05-04,MAT017,41,0
2025-05-11,MAT017,108,0
2025-05-18,MAT017,76,0
2025-05-25,MAT017,47,0
2025-06-01,MAT017,126,0
2025-06-08,MAT017,96,0
2025-06-15,MAT017,72,0
2025-06-22,MAT017,44,0
2025-06-29,MAT017,125,0
2025-07-06,MAT017,99,0
2025-07-13,MAT017,76,0
2025-07-20,MAT017,46,0
2025-07-27,MAT017,118,0
2025-08-03,MAT017,84,0
2025-08-10,MAT017,59,0
2025-08-17,MAT017,25,0
2025-08-24,MAT017,108,0
2025-08-31,MAT017,83,0
2025-09-07,MAT017,43,0
2025-09-14,MAT017,122,0
2025-09-21,MAT017,88,0
2025-09-28,MAT017,54,0
2025-10-05,MAT017,22,0
2025-10-12,MAT017,88,0
2025-10-19,MAT017,63,0
2025-10-26,MAT017,38,0
2025-11-02,MAT017,117,0
2025-11-09,MAT017,88,0
2025-11-16,MAT017,61,0
2025-11-23,MAT017,34,0
2025-11-30,MAT017,113,0
2025-12-07,MAT017,85,0
2025-12-14,MAT017,60,0
2025-12-21,MAT017,33,0
2025-12-28,MAT017,101,0
2026-01-04,MAT017,75,0
2026-01-11,MAT017,45,0
2026-01-18,MAT017,126,0
2026-01-25,MAT017,107,0
2026-02-01,MAT017,76,0
2026-02-08,MAT017,59,0
2026-02-15,MAT017,27,0
2026-02-22,MAT017,85,0
2026-03-01,MAT017,70,0
2026-03-08,MAT017,50,0
2026-03-15,MAT017,139,0
2026-03-22,MAT017,100,0
2026-03-29,MAT017,63,0
2026-04-05,MAT017,35,0
2026-04-12,MAT017,114,0
2026-04-19,MAT017,97,0
2026-04-26,MAT017,66,0
2026-05-03,MAT017,36,0
2026-05-10,MAT017,114,0
2026-05-17,MAT017,86,0
2026-05-24,MAT017,49,0
2026-05-31,MAT017,138,0
2026-06-07,MAT017,131,0
2026-06-14,MAT017,106,0
2026-06-21,MAT017,79,0
2026-06-28,MAT017,59,0
2026-07-05,MAT017,25,0
2026-07-12,MAT017,116,0
2026-07-19,MAT017,86,0
2026-07-26,MAT017,74,0
2026-08-02,MAT017,45,0
2026-08-09,MAT017,127,0
2026-08-16,MAT017,86,0
2026-08-23,MAT017,54,0
2026-08-30,MAT017,31,0
2026-09-06,MAT017,112,0
2026-09-13,MAT017,72,0
2024-09-22,MAT018,14,0
2024-09-29,MAT018,10,0
2024-10-06,MAT018,6,0
2024-10-13,MAT018,16,0
2024-10-20,MAT018,11,0
2024-10-27,MAT018,9,0
2024-11-03,MAT018,5,0
2024-11-10,MAT018,14,0
2024-11-17,MAT018,12,0
2024-11-24,MAT018,11,0
2024-12-01,MAT018,9,0
2024-12-08,MAT018,7,0
2024-12-15,MAT018,19,0
2024-12-22,MAT018,16,0
2024-12-29,MAT018,13,0
2025-01-05,MAT018,9,0
2025-01-12,MAT018,5,0
2025-01-19,MAT018,17,0
2025-01-26,MAT018,13,0
2025-02-02,MAT018,10,0
2025-02-09,MAT018,6,0
2025-02-16,MAT018,18,0
2025-02-23,MAT018,15,0
2025-03-02,MAT018,10,0
2025-03-09,MAT018,6,0
2025-03-16,MAT018,17,0
2025-03-23,MAT018,12,0
2025-03-30,MAT018,8,0
2025-04-06,MAT018,4,0
2025-04-13,MAT018,15,0
2025-04-20,MAT018,12,0
2025-04-27,MAT018,9,0
2025-05-04,MAT018,2,0
2025-05-11,MAT018,14,0
2025-05-18,MAT018,11,0
2025-05-25,MAT018,7,0
2025-06-01,MAT018,23,0
2025-06-08,MAT018,19,0
2025-06-15,MAT018,17,0
2025-06-22,MAT018,14,0
2025-06-29,MAT018,11,0
2025-07-06,MAT018,8,0
2025-07-13,MAT018,17,0
2025-07-20,MAT018,12,0
2025-07-27,MAT018,8,0
2025-08-03,MAT018,6,0
2025-08-10,MAT018,17,0
2025-08-17,MAT018,12,0
2025-08-24,MAT018,9,0
2025-08-31,MAT018,6,0
2025-09-07,MAT018,17,0
2025-09-14,MAT018,14,0
2025-09-21,MAT018,10,0
2025-09-28,MAT018,5,0
2025-10-05,MAT018,17,0
2025-10-12,MAT018,14,0
2025-10-19,MAT018,10,0
2025-10-26,MAT018,6,0
2025-11-02,MAT018,18,0
2025-11-09,MAT018,15,0
2025-11-16,MAT018,12,0
2025-11-23,MAT018,10,0
2025-11-30,MAT018,5,0
2025-12-07,MAT018,17,0
2025-12-14,MAT018,12,0
2025-12-21,MAT018,8,0
2025-12-28,MAT018,5,0
2026-01-04,MAT018,18,0
2026-01-11,MAT018,14,0
2026-01-18,MAT018,11,0
2026-01-25,MAT018,6,0
2026-02-01,MAT018,17,0
2026-02-08,MAT018,10,0
2026-02-15,MAT018,5,0
2026-02-22,MAT018,17,0
2026-03-01,MAT018,15,0
2026-03-08,MAT018,13,0
2026-03-15,MAT018,11,0
2026-03-22,MAT018,8,0
2026-03-29,MAT018,4,0
2026-04-05,MAT018,18,0
2026-04-12,MAT018,14,0
2026-04-19,MAT018,8,0
2026-04-26,MAT018,4,0
2026-05-03,MAT018,13,0
2026-05-10,MAT018,11,0
2026-05-17,MAT018,5,0
2026-05-24,MAT018,15,0
2026-05-31,MAT018,11,0
2026-06-07,MAT018,6,0
2026-06-14,MAT018,18,0
2026-06-21,MAT018,11,0
2026-06-28,MAT018,7,0
2026-07-05,MAT018,20,0
2026-07-12,MAT018,18,0
2026-07-19,MAT018,14,0
2026-07-26,MAT018,9,0
2026-08-02,MAT018,3,0
2026-08-09,MAT018,14,0
2026-08-16,MAT018,11,0
2026-08-23,MAT018,8,0
2026-08-30,MAT018,17,0
2026-09-06,MAT018,10,0
2026-09-13,MAT018,7,0
2024-09-22,MAT019,18,0
2024-09-29,MAT019,11,31
2024-10-06,MAT019,35,0
2024-10-13,MAT019,24,0
2024-10-20,MAT019,15,0
2024-10-27,MAT019,4,31
2024-11-03,MAT019,24,0
2024-11-10,MAT019,20,0
2024-11-17,MAT019,9,31
2024-11-24,MAT019,28,0
2024-12-01,MAT019,14,0
2024-12-08,MAT019,2,31
2024-12-15,MAT019,28,0
2024-12-22,MAT019,22,0
2024-12-29,MAT019,9,31
2025-01-05,MAT019,33,0
2025-01-12,MAT019,24,0
2025-01-19,MAT019,14,0
2025-01-26,MAT019,8,31
2025-02-02,MAT019,33,0
2025-02-09,MAT019,25,0
2025-02-16,MAT019,13,0
2025-02-23,MAT019,4,31
2025-03-02,MAT019,21,0
2025-03-09,MAT019,14,31
2025-03-16,MAT019,37,0
2025-03-23,MAT019,29,0
2025-03-30,MAT019,22,0
2025-04-06,MAT019,13,31
2025-04-13,MAT019,36,0
2025-04-20,MAT019,29,0
2025-04-27,MAT019,22,0
2025-05-04,MAT019,18,31
2025-05-11,MAT019,43,0
2025-05-18,MAT019,38,0
2025-05-25,MAT019,33,0
2025-06-01,MAT019,29,0
2025-06-08,MAT019,24,0
2025-06-15,MAT019,22,0
2025-06-22,MAT019,15,31
2025-06-29,MAT019,35,0
2025-07-06,MAT019,30,0
2025-07-13,MAT019,23,0
2025-07-20,MAT019,16,31
2025-07-27,MAT019,43,0
2025-08-03,MAT019,36,0
2025-08-10,MAT019,28,0
2025-08-17,MAT019,19,0
2025-08-24,MAT019,18,31
2025-08-31,MAT019,43,0
2025-09-07,MAT019,32,0
2025-09-14,MAT019,25,0
2025-09-21,MAT019,15,0
2025-09-28,MAT019,8,31
2025-10-05,MAT019,38,0
2025-10-12,MAT019,32,0
2025-10-19,MAT019,23,0
2025-10-26,MAT019,12,0
2025-11-02,MAT019,3,31
2025-11-09,MAT019,30,0
2025-11-16,MAT019,18,0
2025-11-23,MAT019,13,31
2025-11-30,MAT019,28,0
2025-12-07,MAT019,20,0
2025-12-14,MAT019,9,31
2025-12-21,MAT019,30,0
2025-12-28,MAT019,17,0
2026-01-04,MAT019,6,31
2026-01-11,MAT019,29,0
2026-01-18,MAT019,15,0
2026-01-25,MAT019,5,31
2026-02-01,MAT019,26,0
2026-02-08,MAT019,25,0
2026-02-15,MAT019,17,0
2026-02-22,MAT019,8,31
2026-03-01,MAT019,33,0
2026-03-08,MAT019,21,0
2026-03-15,MAT019,14,31
2026-03-22,MAT019,38,0
2026-03-29,MAT019,32,0
2026-04-05,MAT019,28,0
2026-04-12,MAT019,20,0
2026-04-19,MAT019,14,31
2026-04-26,MAT019,39,0
2026-05-03,MAT019,33,0
2026-05-10,MAT019,28,0
2026-05-17,MAT019,20,0
2026-05-24,MAT019,18,31
2026-05-31,MAT019,38,0
2026-06-07,MAT019,33,0
2026-06-14,MAT019,28,0
2026-06-21,MAT019,19,0
2026-06-28,MAT019,9,31
2026-07-05,MAT019,33,0
2026-07-12,MAT019,30,0
2026-07-19,MAT019,28,0
2026-07-26,MAT019,24,0
2026-08-02,MAT019,17,0
2026-08-09,MAT019,9,31
2026-08-16,MAT019,33,0
2026-08-23,MAT019,28,0
2026-08-30,MAT019,23,0
2026-09-06,MAT019,16,0
2026-09-13,MAT019,8,31
2024-09-22,MAT020,249,0
2024-09-29,MAT020,176,0
2024-10-06,MAT020,134,0
2024-10-13,MAT020,67,0
2024-10-20,MAT020,212,0
2024-10-27,MAT020,161,0
2024-11-03,MAT020,102,0
2024-11-10,MAT020,273,0
2024-11-17,MAT020,229,0
2024-11-24,MAT020,174,0
2024-12-01,MAT020,124,0
2024-12-08,MAT020,76,0
2024-12-15,MAT020,246,0
2024-12-22,MAT020,183,0
2024-12-29,MAT020,138,0
2025-01-05,MAT020,96,0
2025-01-12,MAT020,277,0
2025-01-19,MAT020,232,0
2025-01-26,MAT020,191,0
2025-02-02,MAT020,144,0
2025-02-09,MAT020,83,0
2025-02-16,MAT020,268,0
2025-02-23,MAT020,225,0
2025-03-02,MAT020,175,0
2025-03-09,MAT020,122,0
2025-03-16,MAT020,73,0
2025-03-23,MAT020,244,0
2025-03-30,MAT020,185,0
2025-04-06,MAT020,132,0
2025-04-13,MAT020,78,0
2025-04-20,MAT020,242,0
2025-04-27,MAT020,188,0
2025-05-04,MAT020,129,0
2025-05-11,MAT020,86,0
2025-05-18,MAT020,257,0
2025-05-25,MAT020,195,0
2025-06-01,MAT020,121,0
2025-06-08,MAT020,54,0
2025-06-15,MAT020,215,0
2025-06-22,MAT020,188,0
2025-06-29,MAT020,130,0
2025-07-06,MAT020,83,0
2025-07-13,MAT020,240,0
2025-07-20,MAT020,173,0
2025-07-27,MAT020,126,0
2025-08-03,MAT020,71,0
2025-08-10,MAT020,243,0
2025-08-17,MAT020,184,0
2025-08-24,MAT020,133,0
2025-08-31,MAT020,76,0
2025-09-07,MAT020,233,0
2025-09-14,MAT020,175,0
2025-09-21,MAT020,128,0
2025-09-28,MAT020,72,0
2025-10-05,MAT020,246,0
2025-10-12,MAT020,177,0
2025-10-19,MAT020,115,0
2025-10-26,MAT020,55,0
2025-11-02,MAT020,236,0
2025-11-09,MAT020,187,0
2025-11-16,MAT020,138,0
2025-11-23,MAT020,89,0
2025-11-30,MAT020,254,0
2025-12-07,MAT020,192,0
2025-12-14,MAT020,145,0
2025-12-21,MAT020,102,0
2025-12-28,MAT020,271,0
2026-01-04,MAT020,217,0
2026-01-11,MAT020,154,0
2026-01-18,MAT020,107,0
2026-01-25,MAT020,284,0
2026-02-01,MAT020,238,0
2026-02-08,MAT020,178,0
2026-02-15,MAT020,117,0
2026-02-22,MAT020,85,0
2026-03-01,MAT020,240,0
2026-03-08,MAT020,200,0
2026-03-15,MAT020,143,0
2026-03-22,MAT020,89,0
2026-03-29,MAT020,244,0
2026-04-05,MAT020,191,0
2026-04-12,MAT020,144,0
2026-04-19,MAT020,105,0
2026-04-26,MAT020,270,0
2026-05-03,MAT020,218,0
2026-05-10,MAT020,146,0
2026-05-17,MAT020,88,0
2026-05-24,MAT020,240,0
2026-05-31,MAT020,179,0
2026-06-07,MAT020,101,0
2026-06-14,MAT020,262,0
2026-06-21,MAT020,190,0
2026-06-28,MAT020,128,0
2026-07-05,MAT020,45,0
2026-07-12,MAT020,200,0
2026-07-19,MAT020,128,0
2026-07-26,MAT020,47,0
2026-08-02,MAT020,175,0
2026-08-09,MAT020,114,0
2026-08-16,MAT020,36,0
2026-08-23,MAT020,184,0
2026-08-30,MAT020,114,0
2026-09-06,MAT020,79,0
2026-09-13,MAT020,225,0
2024-09-22,MAT021,44,0
2024-09-29,MAT021,36,0
2024-10-06,MAT021,30,0
2024-10-13,MAT021,16,0
2024-10-20,MAT021,45,0
2024-10-27,MAT021,31,0
2024-11-03,MAT021,18,0
2024-11-10,MAT021,45,0
2024-11-17,MAT021,31,0
2024-11-24,MAT021,22,0
2024-12-01,MAT021,17,0
2024-12-08,MAT021,45,0
2024-12-15,MAT021,37,0
2024-12-22,MAT021,27,0
2024-12-29,MAT021,19,0
2025-01-05,MAT021,51,0
2025-01-12,MAT021,40,0
2025-01-19,MAT021,33,0
2025-01-26,MAT021,24,0
2025-02-02,MAT021,13,0
2025-02-09,MAT021,42,0
2025-02-16,MAT021,31,0
2025-02-23,MAT021,22,0
2025-03-02,MAT021,10,0
2025-03-09,MAT021,33,0
2025-03-16,MAT021,25,0
2025-03-23,MAT021,10,0
2025-03-30,MAT021,37,0
2025-04-06,MAT021,26,0
2025-04-13,MAT021,14,0
2025-04-20,MAT021,45,0
2025-04-27,MAT021,39,0
2025-05-04,MAT021,25,0
2025-05-11,MAT021,19,0
2025-05-18,MAT021,45,0
2025-05-25,MAT021,37,0
2025-06-01,MAT021,25,0
2025-06-08,MAT021,19,0
2025-06-15,MAT021,50,0
2025-06-22,MAT021,46,0
2025-06-29,MAT021,34,0
2025-07-06,MAT021,27,0
2025-07-13,MAT021,15,0
2025-07-20,MAT021,48,0
2025-07-27,MAT021,33,0
2025-08-03,MAT021,24,0
2025-08-10,MAT021,13,0
2025-08-17,MAT021,41,0
2025-08-24,MAT021,33,0
2025-08-31,MAT021,18,0
2025-09-07,MAT021,51,0
2025-09-14,MAT021,43,0
2025-09-21,MAT021,31,0
2025-09-28,MAT021,19,0
2025-10-05,MAT021,52,0
2025-10-12,MAT021,45,0
2025-10-19,MAT021,37,0
2025-10-26,MAT021,25,0
2025-11-02,MAT021,10,0
2025-11-09,MAT021,42,0
2025-11-16,MAT021,35,0
2025-11-23,MAT021,25,0
2025-11-30,MAT021,17,0
2025-12-07,MAT021,46,0
2025-12-14,MAT021,35,0
2025-12-21,MAT021,25,0
2025-12-28,MAT021,10,0
2026-01-04,MAT021,43,0
2026-01-11,MAT021,34,0
2026-01-18,MAT021,21,0
2026-01-25,MAT021,13,0
2026-02-01,MAT021,43,0
2026-02-08,MAT021,27,0
2026-02-15,MAT021,21,0
2026-02-22,MAT021,9,0
2026-03-01,MAT021,35,0
2026-03-08,MAT021,23,0
2026-03-15,MAT021,14,0
2026-03-22,MAT021,47,0
2026-03-29,MAT021,35,0
2026-04-05,MAT021,21,0
2026-04-12,MAT021,7,0
2026-04-19,MAT021,34,0
2026-04-26,MAT021,27,0
2026-05-03,MAT021,20,0
2026-05-10,MAT021,15,0
2026-05-17,MAT021,44,0
2026-05-24,MAT021,35,0
2026-05-31,MAT021,26,0
2026-06-07,MAT021,21,0
2026-06-14,MAT021,20,0
2026-06-21,MAT021,7,0
2026-06-28,MAT021,31,0
2026-07-05,MAT021,24,0
2026-07-12,MAT021,21,0
2026-07-19,MAT021,8,0
2026-07-26,MAT021,43,0
2026-08-02,MAT021,36,0
2026-08-09,MAT021,27,0
2026-08-16,MAT021,22,0
2026-08-23,MAT021,13,0
2026-08-30,MAT021,38,0
2026-09-06,MAT021,32,0
2026-09-13,MAT021,25,0
2024-09-22,MAT022,214,0
2024-09-29,MAT022,166,0
2024-10-06,MAT022,139,205
2024-10-13,MAT022,85,205
2024-10-20,MAT022,229,0
2024-10-27,MAT022,177,0
2024-11-03,MAT022,127,205
2024-11-10,MAT022,76,205
2024-11-17,MAT022,227,0
2024-11-24,MAT022,170,0
2024-12-01,MAT022,109,205
2024-12-08,MAT022,60,205
2024-12-15,MAT022,214,0
2024-12-22,MAT022,172,0
2024-12-29,MAT022,120,205
2025-01-05,MAT022,82,205
2025-01-12,MAT022,231,0
2025-01-19,MAT022,193,0
2025-01-26,MAT022,144,205
2025-02-02,MAT022,99,205
2025-02-09,MAT022,239,0
2025-02-16,MAT022,197,0
2025-02-23,MAT022,134,205
2025-03-02,MAT022,81,205
2025-03-09,MAT022,235,0
2025-03-16,MAT022,173,0
2025-03-23,MAT022,126,205
2025-03-30,MAT022,74,205
2025-04-06,MAT022,226,0
2025-04-13,MAT022,164,0
2025-04-20,MAT022,108,205
2025-04-27,MAT022,50,205
2025-05-04,MAT022,209,0
2025-05-11,MAT022,162,0
2025-05-18,MAT022,105,205
2025-05-25,MAT022,48,205
2025-06-01,MAT022,203,0
2025-06-08,MAT022,141,205
2025-06-15,MAT022,84,205
2025-06-22,MAT022,246,0
2025-06-29,MAT022,208,0
2025-07-06,MAT022,151,0
2025-07-13,MAT022,105,205
2025-07-20,MAT022,59,205
2025-07-27,MAT022,230,0
2025-08-03,MAT022,189,0
2025-08-10,MAT022,144,205
2025-08-17,MAT022,102,205
2025-08-24,MAT022,252,0
2025-08-31,MAT022,196,0
2025-09-07,MAT022,152,205
2025-09-14,MAT022,113,205
2025-09-21,MAT022,274,0
2025-09-28,MAT022,219,0
2025-10-05,MAT022,173,0
2025-10-12,MAT022,120,205
2025-10-19,MAT022,84,205
2025-10-26,MAT022,237,0
2025-11-02,MAT022,189,0
2025-11-09,MAT022,153,205
2025-11-16,MAT022,112,205
2025-11-23,MAT022,263,0
2025-11-30,MAT022,219,0
2025-12-07,MAT022,167,0
2025-12-14,MAT022,101,205
2025-12-21,MAT022,59,205
2025-12-28,MAT022,213,0
2026-01-04,MAT022,160,0
2026-01-11,MAT022,119,205
2026-01-18,MAT022,60,205
2026-01-25,MAT022,221,0
2026-02-01,MAT022,155,0
2026-02-08,MAT022,103,205
2026-02-15,MAT022,51,205
2026-02-22,MAT022,197,0
2026-03-01,MAT022,121,205
2026-03-08,MAT022,73,205
2026-03-15,MAT022,229,0
2026-03-22,MAT022,161,0
2026-03-29,MAT022,118,205
2026-04-05,MAT022,83,205
2026-04-12,MAT022,235,0
2026-04-19,MAT022,183,0
2026-04-26,MAT022,138,205
2026-05-03,MAT022,74,205
2026-05-10,MAT022,227,0
2026-05-17,MAT022,170,0
2026-05-24,MAT022,115,205
2026-05-31,MAT022,57,205
2026-06-07,MAT022,224,0
2026-06-14,MAT022,173,0
2026-06-21,MAT022,125,205
2026-06-28,MAT022,82,205
2026-07-05,MAT022,245,0
2026-07-12,MAT022,211,0
2026-07-19,MAT022,165,0
2026-07-26,MAT022,121,205
2026-08-02,MAT022,55,205
2026-08-09,MAT022,214,0
2026-08-16,MAT022,170,0
2026-08-23,MAT022,120,205
2026-08-30,MAT022,87,205
2026-09-06,MAT022,256,0
2026-09-13,MAT022,218,0
2024-09-22,MAT023,45,0
2024-09-29,MAT023,45,0
2024-10-06,MAT023,30,0
2024-10-13,MAT023,30,0
2024-10-20,MAT023,30,0
2024-10-27,MAT023,30,0
2024-11-03,MAT023,14,0
2024-11-10,MAT023,43,0
2024-11-17,MAT023,23,0
2024-11-24,MAT023,49,0
2024-12-01,MAT023,49,0
2024-12-08,MAT023,37,0
2024-12-15,MAT023,28,0
2024-12-22,MAT023,28,0
2024-12-29,MAT023,28,0
2025-01-05,MAT023,28,0
2025-01-12,MAT023,28,0
2025-01-19,MAT023,19,0
2025-01-26,MAT023,70,0
2025-02-02,MAT023,70,0
2025-02-09,MAT023,63,0
2025-02-16,MAT023,63,0
2025-02-23,MAT023,43,0
2025-03-02,MAT023,33,0
2025-03-09,MAT023,17,0
2025-03-16,MAT023,50,0
2025-03-23,MAT023,45,0
2025-03-30,MAT023,45,0
2025-04-06,MAT023,34,0
2025-04-13,MAT023,16,0
2025-04-20,MAT023,48,0
2025-04-27,MAT023,48,0
2025-05-04,MAT023,48,0
2025-05-11,MAT023,36,0
2025-05-18,MAT023,36,0
2025-05-25,MAT023,27,0
2025-06-01,MAT023,18,0
2025-06-08,MAT023,69,0
2025-06-15,MAT023,69,0
2025-06-22,MAT023,65,0
2025-06-29,MAT023,65,0
2025-07-06,MAT023,47,0
2025-07-13,MAT023,47,0
2025-07-20,MAT023,42,0
2025-07-27,MAT023,42,0
2025-08-03,MAT023,18,0
2025-08-10,MAT023,59,0
2025-08-17,MAT023,59,0
2025-08-24,MAT023,59,0
2025-08-31,MAT023,52,0
2025-09-07,MAT023,34,0
2025-09-14,MAT023,34,0
2025-09-21,MAT023,16,0
2025-09-28,MAT023,67,0
2025-10-05,MAT023,50,0
2025-10-12,MAT023,35,0
2025-10-19,MAT023,23,0
2025-10-26,MAT023,74,0
2025-11-02,MAT023,74,0
2025-11-09,MAT023,47,0
2025-11-16,MAT023,47,0
2025-11-23,MAT023,34,0
2025-11-30,MAT023,25,0
2025-12-07,MAT023,59,0
2025-12-14,MAT023,59,0
2025-12-21,MAT023,35,0
2025-12-28,MAT023,24,0
2026-01-04,MAT023,75,0
2026-01-11,MAT023,75,0
2026-01-18,MAT023,59,0
2026-01-25,MAT023,59,0
2026-02-01,MAT023,43,0
2026-02-08,MAT023,43,0
2026-02-15,MAT023,43,0
2026-02-22,MAT023,21,0
2026-03-01,MAT023,56,0
2026-03-08,MAT023,56,0
2026-03-15,MAT023,56,0
2026-03-22,MAT023,48,0
2026-03-29,MAT023,48,0
2026-04-05,MAT023,29,0
2026-04-12,MAT023,29,0
2026-04-19,MAT023,20,0
2026-04-26,MAT023,71,0
2026-05-03,MAT023,71,0
2026-05-10,MAT023,64,0
2026-05-17,MAT023,45,0
2026-05-24,MAT023,22,0
2026-05-31,MAT023,67,0
2026-06-07,MAT023,56,0
2026-06-14,MAT023,42,0
2026-06-21,MAT023,42,0
2026-06-28,MAT023,42,0
2026-07-05,MAT023,28,0
2026-07-12,MAT023,28,0
2026-07-19,MAT023,28,0
2026-07-26,MAT023,22,0
2026-08-02,MAT023,52,0
2026-08-09,MAT023,52,0
2026-08-16,MAT023,42,0
2026-08-23,MAT023,42,0
2026-08-30,MAT023,34,0
2026-09-06,MAT023,34,0
2026-09-13,MAT023,16,0
2024-09-22,MAT024,199,0
2024-09-29,MAT024,146,0
2024-10-06,MAT024,103,0
2024-10-13,MAT024,69,0
2024-10-20,MAT024,223,0
2024-10-27,MAT024,154,0
2024-11-03,MAT024,115,0
2024-11-10,MAT024,72,0
2024-11-17,MAT024,220,0
2024-11-24,MAT024,172,0
2024-12-01,MAT024,137,0
2024-12-08,MAT024,72,0
2024-12-15,MAT024,215,0
2024-12-22,MAT024,156,0
2024-12-29,MAT024,105,0
2025-01-05,MAT024,71,0
2025-01-12,MAT024,227,0
2025-01-19,MAT024,186,0
2025-01-26,MAT024,131,0
2025-02-02,MAT024,78,0
2025-02-09,MAT024,222,0
2025-02-16,MAT024,181,0
2025-02-23,MAT024,135,0
2025-03-02,MAT024,85,0
2025-03-09,MAT024,230,0
2025-03-16,MAT024,178,0
2025-03-23,MAT024,137,0
2025-03-30,MAT024,91,0
2025-04-06,MAT024,250,0
2025-04-13,MAT024,202,0
2025-04-20,MAT024,151,0
2025-04-27,MAT024,115,0
2025-05-04,MAT024,64,0
2025-05-11,MAT024,201,0
2025-05-18,MAT024,146,0
2025-05-25,MAT024,86,0
2025-06-01,MAT024,228,0
2025-06-08,MAT024,182,0
2025-06-15,MAT024,142,0
2025-06-22,MAT024,94,0
2025-06-29,MAT024,240,0
2025-07-06,MAT024,191,0
2025-07-13,MAT024,145,0
2025-07-20,MAT024,108,0
2025-07-27,MAT024,53,0
2025-08-03,MAT024,213,0
2025-08-10,MAT024,171,0
2025-08-17,MAT024,117,0
2025-08-24,MAT024,63,0
2025-08-31,MAT024,206,0
2025-09-07,MAT024,159,0
2025-09-14,MAT024,120,0
2025-09-21,MAT024,59,0
2025-09-28,MAT024,208,0
2025-10-05,MAT024,145,0
2025-10-12,MAT024,112,0
2025-10-19,MAT024,60,0
2025-10-26,MAT024,205,0
2025-11-02,MAT024,162,0
2025-11-09,MAT024,94,0
2025-11-16,MAT024,235,0
2025-11-23,MAT024,190,0
2025-11-30,MAT024,145,0
2025-12-07,MAT024,87,0
2025-12-14,MAT024,240,0
2025-12-21,MAT024,208,0
2025-12-28,MAT024,160,0
2026-01-04,MAT024,97,0
2026-01-11,MAT024,234,0
2026-01-18,MAT024,187,0
2026-01-25,MAT024,141,0
2026-02-01,MAT024,96,0
2026-02-08,MAT024,242,0
2026-02-15,MAT024,207,0
2026-02-22,MAT024,151,0
2026-03-01,MAT024,96,0
2026-03-08,MAT024,235,0
2026-03-15,MAT024,175,0
2026-03-22,MAT024,125,0
2026-03-29,MAT024,74,0
2026-04-05,MAT024,224,0
2026-04-12,MAT024,168,0
2026-04-19,MAT024,127,0
2026-04-26,MAT024,75,0
2026-05-03,MAT024,211,0
2026-05-10,MAT024,152,0
2026-05-17,MAT024,112,0
2026-05-24,MAT024,68,0
2026-05-31,MAT024,214,0
2026-06-07,MAT024,158,0
2026-06-14,MAT024,108,0
2026-06-21,MAT024,56,0
2026-06-28,MAT024,203,0
2026-07-05,MAT024,153,0
2026-07-12,MAT024,103,0
2026-07-19,MAT024,53,0
2026-07-26,MAT024,208,0
2026-08-02,MAT024,154,0
2026-08-09,MAT024,107,0
2026-08-16,MAT024,50,0
2026-08-23,MAT024,205,0
2026-08-30,MAT024,155,0
2026-09-06,MAT024,108,0
2026-09-13,MAT024,64,0
2024-09-22,MAT025,288,0
2024-09-29,MAT025,228,0
2024-10-06,MAT025,172,0
2024-10-13,MAT025,91,0
2024-10-20,MAT025,289,0
2024-10-27,MAT025,238,0
2024-11-03,MAT025,159,0
2024-11-10,MAT025,103,0
2024-11-17,MAT025,311,0
2024-11-24,MAT025,230,0
2024-12-01,MAT025,166,0
2024-12-08,MAT025,88,0
2024-12-15,MAT025,289,0
2024-12-22,MAT025,230,0
2024-12-29,MAT025,169,0
2025-01-05,MAT025,100,0
2025-01-12,MAT025,307,0
2025-01-19,MAT025,250,0
2025-01-26,MAT025,179,0
2025-02-02,MAT025,104,0
2025-02-09,MAT025,294,0
2025-02-16,MAT025,230,0
2025-02-23,MAT025,186,0
2025-03-02,MAT025,114,0
2025-03-09,MAT025,304,0
2025-03-16,MAT025,224,0
2025-03-23,MAT025,150,0
2025-03-30,MAT025,80,0
2025-04-06,MAT025,273,0
2025-04-13,MAT025,246,0
2025-04-20,MAT025,158,0
2025-04-27,MAT025,99,0
2025-05-04,MAT025,291,0
2025-05-11,MAT025,229,0
2025-05-18,MAT025,155,0
2025-05-25,MAT025,63,0
2025-06-01,MAT025,259,0
2025-06-08,MAT025,197,0
2025-06-15,MAT025,113,0
2025-06-22,MAT025,322,0
2025-06-29,MAT025,250,0
2025-07-06,MAT025,180,0
2025-07-13,MAT025,119,0
2025-07-20,MAT025,324,0
2025-07-27,MAT025,256,0
2025-08-03,MAT025,185,0
2025-08-10,MAT025,120,0
2025-08-17,MAT025,316,0
2025-08-24,MAT025,259,0
2025-08-31,MAT025,216,0
2025-09-07,MAT025,154,0
2025-09-14,MAT025,90,0
2025-09-21,MAT025,284,0
2025-09-28,MAT025,216,0
2025-10-05,MAT025,162,0
2025-10-12,MAT025,112,0
2025-10-19,MAT025,304,0
2025-10-26,MAT025,246,0
2025-11-02,MAT025,191,0
2025-11-09,MAT025,139,0
2025-11-16,MAT025,80,0
2025-11-23,MAT025,284,0
2025-11-30,MAT025,228,0
2025-12-07,MAT025,182,0
2025-12-14,MAT025,143,0
2025-12-21,MAT025,78,0
2025-12-28,MAT025,273,0
2026-01-04,MAT025,195,0
2026-01-11,MAT025,111,0
2026-01-18,MAT025,290,0
2026-01-25,MAT025,216,0
2026-02-01,MAT025,151,0
2026-02-08,MAT025,81,0
2026-02-15,MAT025,284,0
2026-02-22,MAT025,208,0
2026-03-01,MAT025,132,0
2026-03-08,MAT025,62,0
2026-03-15,MAT025,254,0
2026-03-22,MAT025,174,0
2026-03-29,MAT025,83,0
2026-04-05,MAT025,274,0
2026-04-12,MAT025,184,0
2026-04-19,MAT025,120,0
2026-04-26,MAT025,301,0
2026-05-03,MAT025,221,0
2026-05-10,MAT025,151,0
2026-05-17,MAT025,84,0
2026-05-24,MAT025,290,0
2026-05-31,MAT025,243,0
2026-06-07,MAT025,177,0
2026-06-14,MAT025,93,0
2026-06-21,MAT025,287,0
2026-06-28,MAT025,240,0
2026-07-05,MAT025,183,0
2026-07-12,MAT025,108,0
2026-07-19,MAT025,293,0
2026-07-26,MAT025,228,0
2026-08-02,MAT025,184,0
2026-08-09,MAT025,116,0
2026-08-16,MAT025,323,0
2026-08-23,MAT025,245,0
2026-08-30,MAT025,194,0
2026-09-06,MAT025,157,0
2026-09-13,MAT025,115,0
2024-09-22,MAT026,45,0
2024-09-29,MAT026,32,0
2024-10-06,MAT026,18,35
2024-10-13,MAT026,4,35
2024-10-20,MAT026,27,0
2024-10-27,MAT026,17,35
2024-11-03,MAT026,9,35
2024-11-10,MAT026,34,0
2024-11-17,MAT026,22,35
2024-11-24,MAT026,18,35
2024-12-01,MAT026,45,0
2024-12-08,MAT026,40,0
2024-12-15,MAT026,29,0
2024-12-22,MAT026,19,35
2024-12-29,MAT026,13,35
2025-01-05,MAT026,43,0
2025-01-12,MAT026,30,0
2025-01-19,MAT026,18,35
2025-01-26,MAT026,10,35
2025-02-02,MAT026,39,0
2025-02-09,MAT026,32,0
2025-02-16,MAT026,20,35
2025-02-23,MAT026,16,35
2025-03-02,MAT026,49,0
2025-03-09,MAT026,41,0
2025-03-16,MAT026,33,0
2025-03-23,MAT026,29,35
2025-03-30,MAT026,22,35
2025-04-06,MAT026,53,0
2025-04-13,MAT026,48,0
2025-04-20,MAT026,42,0
2025-04-27,MAT026,40,0
2025-05-04,MAT026,31,0
2025-05-11,MAT026,29,35
2025-05-18,MAT026,24,35
2025-05-25,MAT026,58,0
2025-06-01,MAT026,51,0
2025-06-08,MAT026,48,0
2025-06-15,MAT026,40,0
2025-06-22,MAT026,29,0
2025-06-29,MAT026,28,35
2025-07-06,MAT026,16,35
2025-07-13,MAT026,41,0
2025-07-20,MAT026,34,0
2025-07-27,MAT026,25,35
2025-08-03,MAT026,14,35
2025-08-10,MAT026,43,0
2025-08-17,MAT026,35,0
2025-08-24,MAT026,23,0
2025-08-31,MAT026,18,35
2025-09-07,MAT026,13,35
2025-09-14,MAT026,38,0
2025-09-21,MAT026,34,0
2025-09-28,MAT026,25,35
2025-10-05,MAT026,18,35
2025-10-12,MAT026,43,0
2025-10-19,MAT026,33,0
2025-10-26,MAT026,21,35
2025-11-02,MAT026,11,35
2025-11-09,MAT026,36,0
2025-11-16,MAT026,31,0
2025-11-23,MAT026,25,35
2025-11-30,MAT026,18,35
2025-12-07,MAT026,47,0
2025-12-14,MAT026,41,0
2025-12-21,MAT026,38,0
2025-12-28,MAT026,32,0
2026-01-04,MAT026,26,35
2026-01-11,MAT026,18,35
2026-01-18,MAT026,47,0
2026-01-25,MAT026,40,0
2026-02-01,MAT026,31,0
2026-02-08,MAT026,27,35
2026-02-15,MAT026,19,35
2026-02-22,MAT026,48,0
2026-03-01,MAT026,42,0
2026-03-08,MAT026,37,0
2026-03-15,MAT026,32,0
2026-03-22,MAT026,30,35
2026-03-29,MAT026,21,35
2026-04-05,MAT026,47,0
2026-04-12,MAT026,40,0
2026-04-19,MAT026,32,0
2026-04-26,MAT026,27,35
2026-05-03,MAT026,22,35
2026-05-10,MAT026,49,0
2026-05-17,MAT026,39,0
2026-05-24,MAT026,32,0
2026-05-31,MAT026,25,35
2026-06-07,MAT026,16,35
2026-06-14,MAT026,42,0
2026-06-21,MAT026,37,0
2026-06-28,MAT026,32,0
2026-07-05,MAT026,25,35
2026-07-12,MAT026,22,35
2026-07-19,MAT026,53,0
2026-07-26,MAT026,42,0
2026-08-02,MAT026,38,0
2026-08-09,MAT026,38,0
2026-08-16,MAT026,32,0
2026-08-23,MAT026,23,35
2026-08-30,MAT026,13,35
2026-09-06,MAT026,41,0
2026-09-13,MAT026,37,0
2024-09-22,MAT027,121,0
2024-09-29,MAT027,70,0
2024-10-06,MAT027,29,107
2024-10-13,MAT027,104,0
2024-10-20,MAT027,64,0
2024-10-27,MAT027,23,107
2024-11-03,MAT027,97,0
2024-11-10,MAT027,35,0
2024-11-17,MAT027,9,107
2024-11-24,MAT027,83,0
2024-12-01,MAT027,50,0
2024-12-08,MAT027,0,107
2024-12-15,MAT027,84,0
2024-12-22,MAT027,55,0
2024-12-29,MAT027,27,107
2025-01-05,MAT027,118,0
2025-01-12,MAT027,99,0
2025-01-19,MAT027,84,0
2025-01-26,MAT027,65,0
2025-02-02,MAT027,44,107
2025-02-09,MAT027,124,0
2025-02-16,MAT027,106,0
2025-02-23,MAT027,81,0
2025-03-02,MAT027,59,0
2025-03-09,MAT027,37,107
2025-03-16,MAT027,125,0
2025-03-23,MAT027,108,0
2025-03-30,MAT027,97,0
2025-04-06,MAT027,67,0
2025-04-13,MAT027,44,107
2025-04-20,MAT027,134,0
2025-04-27,MAT027,114,0
2025-05-04,MAT027,94,0
2025-05-11,MAT027,76,0
2025-05-18,MAT027,55,107
2025-05-25,MAT027,144,0
2025-06-01,MAT027,123,0
2025-06-08,MAT027,105,0
2025-06-15,MAT027,82,0
2025-06-22,MAT027,62,0
2025-06-29,MAT027,41,107
2025-07-06,MAT027,128,0
2025-07-13,MAT027,113,0
2025-07-20,MAT027,78,0
2025-07-27,MAT027,52,107
2025-08-03,MAT027,128,0
2025-08-10,MAT027,84,0
2025-08-17,MAT027,47,0
2025-08-24,MAT027,11,107
2025-08-31,MAT027,92,0
2025-09-07,MAT027,38,0
2025-09-14,MAT027,12,107
2025-09-21,MAT027,87,0
2025-09-28,MAT027,58,0
2025-10-05,MAT027,37,107
2025-10-12,MAT027,106,0
2025-10-19,MAT027,73,0
2025-10-26,MAT027,32,107
2025-11-02,MAT027,99,0
2025-11-09,MAT027,65,0
2025-11-16,MAT027,39,107
2025-11-23,MAT027,121,0
2025-11-30,MAT027,96,0
2025-12-07,MAT027,56,0
2025-12-14,MAT027,34,107
2025-12-21,MAT027,108,0
2025-12-28,MAT027,75,0
2026-01-04,MAT027,36,107
2026-01-11,MAT027,118,0
2026-01-18,MAT027,89,0
2026-01-25,MAT027,64,0
2026-02-01,MAT027,43,107
2026-02-08,MAT027,124,0
2026-02-15,MAT027,102,0
2026-02-22,MAT027,65,0
2026-03-01,MAT027,44,107
2026-03-08,MAT027,132,0
2026-03-15,MAT027,109,0
2026-03-22,MAT027,89,0
2026-03-29,MAT027,66,0
2026-04-05,MAT027,41,107
2026-04-12,MAT027,136,0
2026-04-19,MAT027,112,0
2026-04-26,MAT027,94,0
2026-05-03,MAT027,73,0
2026-05-10,MAT027,56,107
2026-05-17,MAT027,143,0
2026-05-24,MAT027,125,0
2026-05-31,MAT027,105,0
2026-06-07,MAT027,86,0
2026-06-14,MAT027,69,0
2026-06-21,MAT027,47,107
2026-06-28,MAT027,129,0
2026-07-05,MAT027,108,0
2026-07-12,MAT027,93,0
2026-07-19,MAT027,63,0
2026-07-26,MAT027,39,107
2026-08-02,MAT027,114,0
2026-08-09,MAT027,104,0
2026-08-16,MAT027,64,0
2026-08-23,MAT027,49,107
2026-08-30,MAT027,117,0
2026-09-06,MAT027,89,0
2026-09-13,MAT027,51,0
2024-09-22,MAT028,146,0
2024-09-29,MAT028,106,0
2024-10-06,MAT028,55,0
2024-10-13,MAT028,185,0
2024-10-20,MAT028,131,0
2024-10-27,MAT028,85,0
2024-11-03,MAT028,220,0
2024-11-10,MAT028,165,0
2024-11-17,MAT028,108,0
2024-11-24,MAT028,51,0
2024-12-01,MAT028,195,0
2024-12-08,MAT028,141,0
2024-12-15,MAT028,89,0
2024-12-22,MAT028,234,0
2024-12-29,MAT028,188,0
2025-01-05,MAT028,136,0
2025-01-12,MAT028,77,0
2025-01-19,MAT028,200,0
2025-01-26,MAT028,157,0
2025-02-02,MAT028,119,0
2025-02-09,MAT028,82,0
2025-02-16,MAT028,232,0
2025-02-23,MAT028,188,0
2025-03-02,MAT028,146,0
2025-03-09,MAT028,123,0
2025-03-16,MAT028,76,0
2025-03-23,MAT028,220,0
2025-03-30,MAT028,175,0
2025-04-06,MAT028,145,0
2025-04-13,MAT028,107,0
2025-04-20,MAT028,67,0
2025-04-27,MAT028,200,0
2025-05-04,MAT028,155,0
2025-05-11,MAT028,129,0
2025-05-18,MAT028,93,0
2025-05-25,MAT028,51,0
2025-06-01,MAT028,197,0
2025-06-08,MAT028,161,0
2025-06-15,MAT028,110,0
2025-06-22,MAT028,66,0
2025-06-29,MAT028,204,0
2025-07-06,MAT028,165,0
2025-07-13,MAT028,118,0
2025-07-20,MAT028,78,0
2025-07-27,MAT028,230,0
2025-08-03,MAT028,178,0
2025-08-10,MAT028,140,0
2025-08-17,MAT028,107,0
2025-08-24,MAT028,63,0
2025-08-31,MAT028,200,0
2025-09-07,MAT028,160,0
2025-09-14,MAT028,101,0
2025-09-21,MAT028,49,0
2025-09-28,MAT028,191,0
2025-10-05,MAT028,141,0
2025-10-12,MAT028,103,0
2025-10-19,MAT028,50,0
2025-10-26,MAT028,187,0
2025-11-02,MAT028,145,0
2025-11-09,MAT028,98,0
2025-11-16,MAT028,45,0
2025-11-23,MAT028,179,0
2025-11-30,MAT028,149,0
2025-12-07,MAT028,108,0
2025-12-14,MAT028,71,0
2025-12-21,MAT028,209,0
2025-12-28,MAT028,164,0
2026-01-04,MAT028,137,0
2026-01-11,MAT028,93,0
2026-01-18,MAT028,54,0
2026-01-25,MAT028,193,0
2026-02-01,MAT028,154,0
2026-02-08,MAT028,121,0
2026-02-15,MAT028,84,0
2026-02-22,MAT028,224,0
2026-03-01,MAT028,191,0
2026-03-08,MAT028,137,0
2026-03-15,MAT028,111,0
2026-03-22,MAT028,78,0
2026-03-29,MAT028,226,0
2026-04-05,MAT028,194,0
2026-04-12,MAT028,156,0
2026-04-19,MAT028,123,0
2026-04-26,MAT028,91,0
2026-05-03,MAT028,60,0
2026-05-10,MAT028,205,0
2026-05-17,MAT028,168,0
2026-05-24,MAT028,146,0
2026-05-31,MAT028,117,0
2026-06-07,MAT028,77,0
2026-06-14,MAT028,228,0
2026-06-21,MAT028,191,0
2026-06-28,MAT028,153,0
2026-07-05,MAT028,124,0
2026-07-12,MAT028,86,0
2026-07-19,MAT028,228,0
2026-07-26,MAT028,192,0
2026-08-02,MAT028,144,0
2026-08-09,MAT028,99,0
2026-08-16,MAT028,42,0
2026-08-23,MAT028,185,0
2026-08-30,MAT028,151,0
2026-09-06,MAT028,124,0
2026-09-13,MAT028,72,0
2024-09-22,MAT029,48,0
2024-09-29,MAT029,36,0
2024-10-06,MAT029,23,0
2024-10-13,MAT029,63,0
2024-10-20,MAT029,50,0
2024-10-27,MAT029,38,0
2024-11-03,MAT029,28,0
2024-11-10,MAT029,15,0
2024-11-17,MAT029,56,0
2024-11-24,MAT029,40,0
2024-12-01,MAT029,25,0
2024-12-08,MAT029,66,0
2024-12-15,MAT029,54,0
2024-12-22,MAT029,38,0
2024-12-29,MAT029,26,0
2025-01-05,MAT029,14,0
2025-01-12,MAT029,53,0
2025-01-19,MAT029,43,0
2025-01-26,MAT029,33,0
2025-02-02,MAT029,17,0
2025-02-09,MAT029,52,0
2025-02-16,MAT029,41,0
2025-02-23,MAT029,28,0
2025-03-02,MAT029,16,0
2025-03-09,MAT029,60,0
2025-03-16,MAT029,44,0
2025-03-23,MAT029,37,0
2025-03-30,MAT029,25,0
2025-04-06,MAT029,63,0
2025-04-13,MAT029,51,0
2025-04-20,MAT029,40,0
2025-04-27,MAT029,28,0
2025-05-04,MAT029,13,0
2025-05-11,MAT029,50,0
2025-05-18,MAT029,42,0
2025-05-25,MAT029,29,0
2025-06-01,MAT029,14,0
2025-06-08,MAT029,57,0
2025-06-15,MAT029,44,0
2025-06-22,MAT029,35,0
2025-06-29,MAT029,25,0
2025-07-06,MAT029,63,0
2025-07-13,MAT029,49,0
2025-07-20,MAT029,39,0
2025-07-27,MAT029,24,0
2025-08-03,MAT029,62,0
2025-08-10,MAT029,43,0
2025-08-17,MAT029,35,0
2025-08-24,MAT029,22,0
2025-08-31,MAT029,61,0
2025-09-07,MAT029,47,0
2025-09-14,MAT029,31,0
2025-09-21,MAT029,21,0
2025-09-28,MAT029,59,0
2025-10-05,MAT029,44,0
2025-10-12,MAT029,32,0
2025-10-19,MAT029,16,0
2025-10-26,MAT029,58,0
2025-11-02,MAT029,42,0
2025-11-09,MAT029,33,0
2025-11-16,MAT029,18,0
2025-11-23,MAT029,63,0
2025-11-30,MAT029,49,0
2025-12-07,MAT029,35,0
2025-12-14,MAT029,14,0
2025-12-21,MAT029,54,0
2025-12-28,MAT029,38,0
2026-01-04,MAT029,25,0
2026-01-11,MAT029,70,0
2026-01-18,MAT029,59,0
2026-01-25,MAT029,46,0
2026-02-01,MAT029,33,0
2026-02-08,MAT029,27,0
2026-02-15,MAT029,13,0
2026-02-22,MAT029,49,0
2026-03-01,MAT029,40,0
2026-03-08,MAT029,27,0
2026-03-15,MAT029,5,0
2026-03-22,MAT029,42,0
2026-03-29,MAT029,32,0
2026-04-05,MAT029,21,0
2026-04-12,MAT029,63,0
2026-04-19,MAT029,54,0
2026-04-26,MAT029,40,0
2026-05-03,MAT029,27,0
2026-05-10,MAT029,17,0
2026-05-17,MAT029,55,0
2026-05-24,MAT029,46,0
2026-05-31,MAT029,33,0
2026-06-07,MAT029,23,0
2026-06-14,MAT029,63,0
2026-06-21,MAT029,46,0
2026-06-28,MAT029,33,0
2026-07-05,MAT029,22,0
2026-07-12,MAT029,60,0
2026-07-19,MAT029,49,0
2026-07-26,MAT029,35,0
2026-08-02,MAT029,21,0
2026-08-09,MAT029,61,0
2026-08-16,MAT029,49,0
2026-08-23,MAT029,38,0
2026-08-30,MAT029,26,0
2026-09-06,MAT029,14,0
2026-09-13,MAT029,51,0
2024-09-22,MAT030,21,0
2024-09-29,MAT030,15,0
2024-10-06,MAT030,10,21
2024-10-13,MAT030,23,0
2024-10-20,MAT030,18,0
2024-10-27,MAT030,14,0
2024-11-03,MAT030,9,21
2024-11-10,MAT030,25,0
2024-11-17,MAT030,17,0
2024-11-24,MAT030,12,0
2024-12-01,MAT030,5,21
2024-12-08,MAT030,23,0
2024-12-15,MAT030,18,0
2024-12-22,MAT030,13,0
2024-12-29,MAT030,9,21
2025-01-05,MAT030,25,0
2025-01-12,MAT030,22,0
2025-01-19,MAT030,19,0
2025-01-26,MAT030,14,0
2025-02-02,MAT030,12,21
2025-02-09,MAT030,29,0
2025-02-16,MAT030,24,0
2025-02-23,MAT030,16,0
2025-03-02,MAT030,11,0
2025-03-09,MAT030,6,21
2025-03-16,MAT030,23,0
2025-03-23,MAT030,19,0
2025-03-30,MAT030,12,0
2025-04-06,MAT030,8,21
2025-04-13,MAT030,25,0
2025-04-20,MAT030,20,0
2025-04-27,MAT030,13,0
2025-05-04,MAT030,7,21
2025-05-11,MAT030,21,0
2025-05-18,MAT030,18,0
2025-05-25,MAT030,14,0
2025-06-01,MAT030,6,21
2025-06-08,MAT030,23,0
2025-06-15,MAT030,16,0
2025-06-22,MAT030,14,0
2025-06-29,MAT030,9,21
2025-07-06,MAT030,26,0
2025-07-13,MAT030,23,0
2025-07-20,MAT030,19,0
2025-07-27,MAT030,12,0
2025-08-03,MAT030,8,21
2025-08-10,MAT030,26,0
2025-08-17,MAT030,24,0
2025-08-24,MAT030,20,0
2025-08-31,MAT030,13,0
2025-09-07,MAT030,7,21
2025-09-14,MAT030,22,0
2025-09-21,MAT030,14,0
2025-09-28,MAT030,8,21
2025-10-05,MAT030,23,0
2025-10-12,MAT030,17,0
2025-10-19,MAT030,13,0
2025-10-26,MAT030,6,21
2025-11-02,MAT030,23,0
2025-11-09,MAT030,18,0
2025-11-16,MAT030,12,0
2025-11-23,MAT030,6,21
2025-11-30,MAT030,18,0
2025-12-07,MAT030,13,0
2025-12-14,MAT030,7,21
2025-12-21,MAT030,20,0
2025-12-28,MAT030,14,0
2026-01-04,MAT030,12,21
2026-01-11,MAT030,27,0
2026-01-18,MAT030,21,0
2026-01-25,MAT030,18,0
2026-02-01,MAT030,12,0
2026-02-08,MAT030,5,21
2026-02-15,MAT030,25,0
2026-02-22,MAT030,17,0
2026-03-01,MAT030,11,0
2026-03-08,MAT030,6,21
2026-03-15,MAT030,19,0
2026-03-22,MAT030,16,0
2026-03-29,MAT030,13,0
2026-04-05,MAT030,7,21
2026-04-12,MAT030,21,0
2026-04-19,MAT030,15,0
2026-04-26,MAT030,11,21
2026-05-03,MAT030,27,0
2026-05-10,MAT030,23,0
2026-05-17,MAT030,18,0
2026-05-24,MAT030,12,0
2026-05-31,MAT030,6,21
2026-06-07,MAT030,19,0
2026-06-14,MAT030,13,0
2026-06-21,MAT030,11,21
2026-06-28,MAT030,24,0
2026-07-05,MAT030,18,0
2026-07-12,MAT030,11,0
2026-07-19,MAT030,6,21
2026-07-26,MAT030,20,0
2026-08-02,MAT030,15,0
2026-08-09,MAT030,10,21
2026-08-16,MAT030,28,0
2026-08-23,MAT030,23,0
2026-08-30,MAT030,15,0
2026-09-06,MAT030,12,21
2026-09-13,MAT030,27,0
